Id;Label;Followers;Gender;BrandSource
4jhndrck;4jhndrck;162;male;OtherBrand
6ixx_peach;6ixx_peach;288;unknown;JnJBrand
790mel;790mel;50;unknown;JnJBrand
876taylor_made;876taylor_made;340;female;OtherBrand
__carolinecc;__carolinecc;521;female;OtherBrand
__eclectica;__eclectica;758;female;OtherBrand
__lnsd;__lnsd;403;female;OtherBrand
_chantelle_p;_chantelle_p;1130;female;Professional
_charfrances;_charfrances;16;female;OtherBrand
_flex4u;_flex4u;159906;unknown;OtherBrand
_hollygrace_;_hollygrace_;110;female;OtherBrand
_hollytweets;_hollytweets;174;female;OtherBrand
_kev_el;_kev_el;659;male;OtherBrand
_lilmamagrier_;_lilmamagrier_;510;female;JnJBrand
_midofo_;_midofo_;338;male;OtherBrand
_philipparuth;_philipparuth;54;female;Professional
_roxanne10_;_roxanne10_;1169;female;OtherBrand
_samanthaf_;_samanthaf_;2353;female;OtherBrand
a_evangeli;a_evangeli;665;female;Professional
abbeydiaz_says;abbeydiaz_says;704;female;Professional
abbygigi1981;abbygigi1981;405;female;OtherBrand
abcthedrum;abcthedrum;137839;unknown;OtherBrand
abdul_mode;abdul_mode;262;unknown;JnJBrand
abey_australia;abey_australia;970;unknown;OtherBrand
absoluteskinau;absoluteskinau;2251;unknown;OtherBrand
acahacker;acahacker;1164;female;OtherBrand
acegiak;acegiak;995;male;OtherBrand
adamferrier;adamferrier;18628;male;OtherBrand
addictivegrierr;addictivegrierr;1272;female;OtherBrand
adeldmeyer;adeldmeyer;51734;male;OtherBrand
adfowl;adfowl;1029;unknown;OtherBrand
adjstrmembered;adjstrmembered;94;unknown;OtherBrand
adnews;adnews;40138;unknown;OtherBrand
adv_dermatology;adv_dermatology;798;unknown;Professional
aestheticskin2;aestheticskin2;40;unknown;OtherBrand
afeministmother;afeministmother;775;female;OtherBrand
affiliatebyapd;affiliatebyapd;417;unknown;JnJBrand
affyb79;affyb79;537;unknown;OtherBrand
aghcid;aghcid;10609;female;OtherBrand
agrf_genomics;agrf_genomics;581;unknown;Professional
ahaermeyer;ahaermeyer;718;unknown;OtherBrand
aia_sydneycbd;aia_sydneycbd;405;unknown;OtherBrand
aiembicated;aiembicated;1150;female;OtherBrand
alamyoosuff;alamyoosuff;334;male;Professional
aleeb88;aleeb88;1231;male;OtherBrand
alexburns;alexburns;1352;unknown;Professional
alexjgregg;alexjgregg;122;unknown;Professional
alice3499;alice3499;308;female;OtherBrand
aliceburgum;aliceburgum;146;female;OtherBrand
aliceroared;aliceroared;395;female;JnJBrand
aliciaceleste;aliciaceleste;106;female;Professional
alisterrobbie;alisterrobbie;4739;male;OtherBrand
allynnnns;allynnnns;173;female;JnJBrand
almightyljp;almightyljp;3371;female;JnJBrand
almostposh;almostposh;226;female;OtherBrand
almz_avila;almz_avila;243;female;OtherBrand
ama_media;ama_media;16219;unknown;Professional
ama_nsw;ama_nsw;1701;female;Professional
amarsh6annalise;amarsh6annalise;172;female;JnJBrand
ambacomms;ambacomms;1176;unknown;OtherBrand
amber_wallace75;amber_wallace75;1763;female;JnJBrand
amberp_w;amberp_w;704;female;OtherBrand
amnestyoz;amnestyoz;57237;unknown;OtherBrand
amoz1972;amoz1972;106;female;Professional
amy_max_;amy_max_;20;female;JnJBrand
amyuliyuli;amyuliyuli;1057;unknown;OtherBrand
anaestricks;anaestricks;2754;male;Professional
anahcaquino;anahcaquino;584;female;OtherBrand
anakinbiwalker;anakinbiwalker;870;female;OtherBrand
andrea_cafnik;andrea_cafnik;32;female;OtherBrand
andrewianwilson;andrewianwilson;382;male;OtherBrand
andrewjtagg;andrewjtagg;2391;male;Professional
andrewpitkin2;andrewpitkin2;26;male;OtherBrand
andrewschnell51;andrewschnell51;63;male;OtherBrand
andy_merrick;andy_merrick;842;male;OtherBrand
angiechicky;angiechicky;29;female;OtherBrand
anitasarcastic;anitasarcastic;165;female;OtherBrand
annaxxx_;annaxxx_;109;female;JnJBrand
annburns19;annburns19;18;female;OtherBrand
anthony_thorpe;anthony_thorpe;146;male;Professional
anthonyraphael_;anthonyraphael_;19;male;Professional
antoniagage;antoniagage;235;female;Professional
anytiffng;anytiffng;442;female;OtherBrand
anzca;anzca;3123;unknown;Professional
anzspm16;anzspm16;168;unknown;Professional
aoifehaigh123;aoifehaigh123;320;female;JnJBrand
aoifemcgreal1;aoifemcgreal1;56;female;OtherBrand
apairofones;apairofones;298;unknown;OtherBrand
apicot;apicot;2806;female;Professional
aptronym;aptronym;2035;male;OtherBrand
apureindulgence;apureindulgence;67;unknown;OtherBrand
aretigav;aretigav;12;unknown;Professional
arganbestprice;arganbestprice;934;unknown;OtherBrand
arksadd;arksadd;49;unknown;OtherBrand
arnomichelin;arnomichelin;1973;male;JnJBrand
arodcmarolf;arodcmarolf;147;female;OtherBrand
asghaff;asghaff;2086;male;OtherBrand
ash_riordan;ash_riordan;33;male;OtherBrand
ashleyintheory;ashleyintheory;1241;unknown;OtherBrand
ashleywinn01;ashleywinn01;1114;female;OtherBrand
ashtbc;ashtbc;683;male;OtherBrand
askgerbil;askgerbil;3729;unknown;OtherBrand
assangefreedom;assangefreedom;20759;unknown;OtherBrand
asxwatcher007;asxwatcher007;1359;male;OtherBrand
attackoftheclaw;attackoftheclaw;854;male;OtherBrand
au_gpreview;au_gpreview;150;unknown;Professional
audermreviews;audermreviews;39;unknown;Professional
auntycath1;auntycath1;269;female;OtherBrand
aus_contrarian;aus_contrarian;170;male;OtherBrand
auscdnpaula;auscdnpaula;40;female;OtherBrand
ausmed;ausmed;1595;unknown;Professional
aussie;aussie;8688;unknown;OtherBrand
aussie4real;aussie4real;58;unknown;OtherBrand
aussietrudes;aussietrudes;236;female;OtherBrand
ausssc;ausssc;238;unknown;Professional
australiandr;australiandr;16886;unknown;Professional
aweacademy;aweacademy;79;unknown;Professional
awkward_ella;awkward_ella;891;female;OtherBrand
ayyeeadrian;ayyeeadrian;233;male;OtherBrand
badbarbiemaraj;badbarbiemaraj;87;male;OtherBrand
badrepdaniella;badrepdaniella;1231;female;OtherBrand
bassemakladios;bassemakladios;28;male;Professional
batoul_baz;batoul_baz;728;female;Professional
bbloggersau;bbloggersau;1630;unknown;OtherBrand
bbox;bbox;1429;male;OtherBrand
bdaustralia;bdaustralia;5695;unknown;OtherBrand
bdhpinfo;bdhpinfo;170;unknown;Professional
beautyatelierau;beautyatelierau;17;unknown;OtherBrand
beautybucketeer;beautybucketeer;122;unknown;OtherBrand
beautybyyvee;beautybyyvee;61;female;OtherBrand
beautycrew;beautycrew;188;unknown;OtherBrand
beautympoffical;beautympoffical;2;unknown;OtherBrand
beaverdugong;beaverdugong;554;unknown;OtherBrand
becabops34;becabops34;112;female;OtherBrand
becbrideson;becbrideson;862;unknown;OtherBrand
becky_k_white;becky_k_white;273;female;OtherBrand
becyyboo;becyyboo;344;female;OtherBrand
bee3105;bee3105;365;female;Professional
bellaboxaus;bellaboxaus;3703;unknown;OtherBrand
bellasspot;bellasspot;16500;female;OtherBrand
beltcam;beltcam;354;female;OtherBrand
bethomatic71;bethomatic71;17;female;OtherBrand
bffwithjc;bffwithjc;2686;unknown;Professional
bieberxbutera;bieberxbutera;1303;unknown;JnJBrand
biomedethics;biomedethics;1877;male;Professional
blissful1706;blissful1706;2488;unknown;JnJBrand
blisteringdz;blisteringdz;61;unknown;Professional
blue_planetpr;blue_planetpr;619;unknown;OtherBrand
blueskyemining;blueskyemining;4798;female;OtherBrand
blueyhamilton;blueyhamilton;196;female;OtherBrand
bogda_koczwara;bogda_koczwara;388;female;Professional
booonani;booonani;587;female;OtherBrand
boothmaddy;boothmaddy;8;female;OtherBrand
boyfromburleigh;boyfromburleigh;3948;male;OtherBrand
bradmariano;bradmariano;405;male;OtherBrand
bradrachelbart1;bradrachelbart1;4470;unknown;OtherBrand
bradwmc;bradwmc;185;male;OtherBrand
brally;brally;119;male;OtherBrand
brbkissed;brbkissed;2389;female;JnJBrand
brbxkiss;brbxkiss;1231;female;OtherBrand
british419er;british419er;2274;female;OtherBrand
brookmanknight;brookmanknight;3918;female;Professional
bryce0800;bryce0800;514;male;OtherBrand
bubblesaus;bubblesaus;289;female;OtherBrand
budgeco;budgeco;6188;male;OtherBrand
burneyeaus;burneyeaus;219;unknown;OtherBrand
businesschicks;businesschicks;46300;unknown;OtherBrand
byrdiebeautyau;byrdiebeautyau;771;female;JnJBrand
caitfigueiredo;caitfigueiredo;12552;female;OtherBrand
caitlinsyrett;caitlinsyrett;1097;female;OtherBrand
caitzeee;caitzeee;652;unknown;OtherBrand
cam178;cam178;1742;female;OtherBrand
camalarcon;camalarcon;1478;female;OtherBrand
cameronkimjones;cameronkimjones;318;unknown;OtherBrand
campingstik;campingstik;1537;unknown;OtherBrand
captainradon;captainradon;5;male;OtherBrand
carolin35724834;carolin35724834;162;female;OtherBrand
carolinepritch3;carolinepritch3;1938;female;OtherBrand
carolynbm;carolynbm;175;female;OtherBrand
carouselworld;carouselworld;5939;unknown;JnJBrand
cashh_mania;cashh_mania;302;unknown;OtherBrand
cassyoconnormp;cassyoconnormp;3150;female;OtherBrand
catherineataff;catherineataff;550;female;Professional
cathgrey;cathgrey;77;unknown;OtherBrand
ccqld;ccqld;5716;unknown;Professional
cdsumi87;cdsumi87;146;female;Professional
ceceandgrace;ceceandgrace;494;female;OtherBrand
centenary0fcanb;centenary0fcanb;369;unknown;OtherBrand
centenaryinst;centenaryinst;2273;unknown;Professional
cerealwarz;cerealwarz;1397;female;OtherBrand
cfwriter;cfwriter;858;female;Professional
chatbottest;chatbottest;0;unknown;OtherBrand
cheapexcuses;cheapexcuses;1920;female;OtherBrand
chefoies;chefoies;112;unknown;OtherBrand
chelle_spia;chelle_spia;324;female;OtherBrand
chelseafordco;chelseafordco;233;female;OtherBrand
cherieangela4;cherieangela4;151;female;OtherBrand
cherrypieit;cherrypieit;94;female;OtherBrand
chewxy;chewxy;555;male;OtherBrand
cheyennekemsley;cheyennekemsley;2504;unknown;JnJBrand
chloegracejoy;chloegracejoy;711;female;OtherBrand
chloeilovedelta;chloeilovedelta;1021;female;OtherBrand
choisse_8_nous;choisse_8_nous;753;unknown;OtherBrand
chris9slater;chris9slater;223;unknown;OtherBrand
christieee__xo;christieee__xo;691;female;OtherBrand
christinamkhael;christinamkhael;305;female;OtherBrand
christinaveitch;christinaveitch;319;female;OtherBrand
cielomiu;cielomiu;138;female;OtherBrand
cindyburke;cindyburke;1366;female;OtherBrand
claremaxfield;claremaxfield;580;female;OtherBrand
cleanbeautytalk;cleanbeautytalk;899;female;OtherBrand
cmakeupmaniaah;cmakeupmaniaah;394;female;OtherBrand
cmri_aus;cmri_aus;325;unknown;Professional
colmirgo;colmirgo;328;male;OtherBrand
colours_shadows;colours_shadows;17;unknown;OtherBrand
conversationedu;conversationedu;131641;unknown;Professional
coopesdetat;coopesdetat;7058;female;Professional
coraliealison;coraliealison;4677;female;OtherBrand
corbetron;corbetron;1371;male;Professional
coreen085;coreen085;210;female;OtherBrand
corruptnsw;corruptnsw;4666;male;Professional
cpradelaide;cpradelaide;594;unknown;OtherBrand
cravinggdallass;cravinggdallass;1075;female;OtherBrand
cre_telehealth;cre_telehealth;214;unknown;Professional
createdevelop;createdevelop;3781;male;OtherBrand
crimsonthunder_;crimsonthunder_;23;female;OtherBrand
critchleybob;critchleybob;4356;male;OtherBrand
croakeynews;croakeynews;3753;unknown;Professional
cstensved;cstensved;29;female;OtherBrand
cutequeer96;cutequeer96;12940;male;OtherBrand
cybermum_au;cybermum_au;26206;unknown;OtherBrand
cygnet1711;cygnet1711;30;unknown;JnJBrand
d_mucli;d_mucli;1214;male;OtherBrand
da8tingsites;da8tingsites;1373;unknown;OtherBrand
damianjtopp;damianjtopp;36;male;Professional
damonbenno;damonbenno;2;male;OtherBrand
dangerdolanss;dangerdolanss;873;female;JnJBrand
daniellenacpil;daniellenacpil;661;female;JnJBrand
danika_ferguson;danika_ferguson;331;female;OtherBrand
daniletoullec;daniletoullec;828;female;OtherBrand
danniwrightdw;danniwrightdw;95;unknown;OtherBrand
danojack1;danojack1;297;unknown;OtherBrand
darlynjame;darlynjame;119;unknown;OtherBrand
darrenjones00;darrenjones00;1903;male;OtherBrand
davepellowe;davepellowe;643;male;OtherBrand
david_bui_;david_bui_;497;male;Professional
davidburt8;davidburt8;1309;male;Professional
davidquattrucci;davidquattrucci;1971;male;OtherBrand
davinaleecooper;davinaleecooper;669;female;OtherBrand
davinlim1971;davinlim1971;269;unknown;Professional
davroe;davroe;178;unknown;OtherBrand
ddsd;ddsd;12277;male;OtherBrand
deborahtobias;deborahtobias;495;female;OtherBrand
decertatio;decertatio;219;unknown;OtherBrand
dee_kempson;dee_kempson;4;female;OtherBrand
deemadigan;deemadigan;26112;female;OtherBrand
demardollsivan;demardollsivan;626;female;OtherBrand
dentistbrisbane;dentistbrisbane;17793;unknown;OtherBrand
derick_kruis;derick_kruis;167;male;OtherBrand
dermalogicaaus;dermalogicaaus;6895;unknown;OtherBrand
dermatologyaust;dermatologyaust;34;unknown;Professional
desiresfool;desiresfool;1987;female;OtherBrand
deva_ang;deva_ang;40;unknown;JnJBrand
dgoaim;dgoaim;582;unknown;Professional
dhlangbecker;dhlangbecker;1063;female;Professional
dialydiya;dialydiya;578;unknown;JnJBrand
dianna_kenny;dianna_kenny;90;female;OtherBrand
dieselmydog;dieselmydog;1248;female;OtherBrand
digital_tanya;digital_tanya;5637;female;OtherBrand
digyhu;digyhu;90;female;OtherBrand
dimitystatheos;dimitystatheos;68;female;OtherBrand
dinethra_menon;dinethra_menon;252;female;Professional
dinnykayo;dinnykayo;1334;female;JnJBrand
discountdealau;discountdealau;383;female;JnJBrand
diva_ex_machina;diva_ex_machina;1719;female;OtherBrand
djoll;djoll;338;unknown;Professional
docandrewj;docandrewj;585;male;Professional
docmartyaus;docmartyaus;200;male;Professional
doctor_wylde;doctor_wylde;712;male;OtherBrand
doctorjeph;doctorjeph;1489;male;OtherBrand
doctorpjr;doctorpjr;140;unknown;OtherBrand
donalyngarcia;donalyngarcia;197;unknown;OtherBrand
doochilou;doochilou;54;female;OtherBrand
dr_chi_li;dr_chi_li;1231;male;Professional
dr_polarbird;dr_polarbird;805;female;Professional
dranneline;dranneline;524;unknown;Professional
drbarsoumr;drbarsoumr;33;unknown;Professional
drcford;drcford;598;female;Professional
drclareburns;drclareburns;140;female;Professional
drdina1;drdina1;2113;female;OtherBrand
dreamyhoying;dreamyhoying;1188;female;OtherBrand
drericlevi;drericlevi;5878;male;Professional
drhutch2011;drhutch2011;134;female;Professional
drjustincoleman;drjustincoleman;2107;male;Professional
drkirrilly;drkirrilly;563;unknown;JnJBrand
drliamcaffery;drliamcaffery;45;male;Professional
drmelob;drmelob;1123;female;Professional
drmerlyn;drmerlyn;5;unknown;OtherBrand
drmichaelp;drmichaelp;95;male;Professional
drmichaeltirant;drmichaeltirant;231;unknown;Professional
drmlivingston;drmlivingston;203;male;OtherBrand
drnatashacook;drnatashacook;48;unknown;Professional
drnigelarmfield;drnigelarmfield;52;male;Professional
drpaulharrigan;drpaulharrigan;1548;male;OtherBrand
drpeterleighton;drpeterleighton;18;male;Professional
drphiltong;drphiltong;18;male;Professional
drrimmer;drrimmer;13549;male;Professional
drsachasb;drsachasb;218;unknown;Professional
drsaxonsmith;drsaxonsmith;1042;male;Professional
dssayed;dssayed;2019;female;OtherBrand
dustyspades;dustyspades;788;unknown;OtherBrand
dvora_olds;dvora_olds;269;female;JnJBrand
dwb2109;dwb2109;2;female;OtherBrand
edamemebeans;edamemebeans;2011;female;OtherBrand
eddieedsplosion;eddieedsplosion;124;male;OtherBrand
edjlazar;edjlazar;19789;male;OtherBrand
edwardjgrugiii;edwardjgrugiii;793;male;OtherBrand
ehealthqld;ehealthqld;1068;unknown;Professional
eiodyw;eiodyw;273;female;OtherBrand
ejadebishop;ejadebishop;627;female;OtherBrand
eleytherius;eleytherius;6628;female;Professional
elissa_campbell;elissa_campbell;2912;female;Professional
elizabethconto2;elizabethconto2;297;female;Professional
elizaclairem;elizaclairem;1511;female;OtherBrand
ellajmumby;ellajmumby;154;female;OtherBrand
ellewolfhagen;ellewolfhagen;7;unknown;OtherBrand
elliott_rohan;elliott_rohan;362;male;Professional
ellisonamy;ellisonamy;1461;unknown;OtherBrand
ellymooq;ellymooq;180;female;OtherBrand
elphrat;elphrat;89;unknown;OtherBrand
em_ilee;em_ilee;110;female;JnJBrand
emerald_cg;emerald_cg;804;female;Professional
emiiyjade;emiiyjade;1075;female;OtherBrand
emmalpw12;emmalpw12;54;female;OtherBrand
emmamstirling;emmamstirling;11;female;OtherBrand
emmaparsons23;emmaparsons23;947;female;OtherBrand
empire_angiez;empire_angiez;3877;female;OtherBrand
emsharley;emsharley;3814;female;OtherBrand
emsteele1;emsteele1;13;female;Professional
enchikhyde;enchikhyde;469;male;OtherBrand
enrichclinic;enrichclinic;176;unknown;Professional
epworthgp;epworthgp;98;unknown;Professional
erikveland;erikveland;2711;male;OtherBrand
ern_malleyscrub;ern_malleyscrub;6084;male;OtherBrand
eroticniallh;eroticniallh;10960;female;OtherBrand
esme35975435;esme35975435;1531;female;OtherBrand
esseeeayeenn;esseeeayeenn;2998;male;OtherBrand
essjayeff;essjayeff;5286;female;OtherBrand
euanj_thomas;euanj_thomas;767;male;OtherBrand
facesonyou;facesonyou;987;male;JnJBrand
faizatariq2008;faizatariq2008;1969;female;JnJBrand
fatchoi27;fatchoi27;1432;male;JnJBrand
fatherbob;fatherbob;122924;unknown;OtherBrand
feministbec;feministbec;1502;female;OtherBrand
ferghim;ferghim;20375;male;JnJBrand
ferguskibble;ferguskibble;758;male;OtherBrand
fewingsbj;fewingsbj;1049;unknown;Professional
fibromodem;fibromodem;1492;female;JnJBrand
fightonthebeach;fightonthebeach;1540;unknown;JnJBrand
finesse_doctor;finesse_doctor;42;unknown;Professional
fionadavies8;fionadavies8;233;female;Professional
fionagillen2013;fionagillen2013;1344;female;OtherBrand
flashyn;flashyn;4227;unknown;OtherBrand
forever_we_grow;forever_we_grow;1243;unknown;OtherBrand
forwardagencypr;forwardagencypr;1835;unknown;OtherBrand
frantasticmaiya;frantasticmaiya;910;female;OtherBrand
freemagazinesyd;freemagazinesyd;414;unknown;OtherBrand
fuckersmanifest;fuckersmanifest;54;male;OtherBrand
fullboonta;fullboonta;585;male;JnJBrand
funnysmells;funnysmells;45;unknown;OtherBrand
fyeummumusa;fyeummumusa;817;unknown;OtherBrand
gabimckenzie;gabimckenzie;14;female;OtherBrand
garland_paige;garland_paige;525;female;OtherBrand
garylai1997;garylai1997;543;female;OtherBrand
gaya12thri;gaya12thri;605;male;OtherBrand
gazalucci;gazalucci;67;male;OtherBrand
geleneiquez74;geleneiquez74;188;female;OtherBrand
gem_gem_jade;gem_gem_jade;799;male;OtherBrand
genero;genero;6952;unknown;OtherBrand
geophro;geophro;471;male;OtherBrand
georgeinstitute;georgeinstitute;6146;unknown;Professional
georgiadebono;georgiadebono;825;female;OtherBrand
gerrygannon;gerrygannon;1750;male;JnJBrand
getaskincheck;getaskincheck;2994;male;Professional
getprettyau;getprettyau;128;unknown;OtherBrand
getremarkable;getremarkable;39;unknown;OtherBrand
gibboanddal;gibboanddal;28;female;OtherBrand
gillianmccord;gillianmccord;1568;unknown;OtherBrand
gilliespace;gilliespace;178;female;OtherBrand
givecancerquack;givecancerquack;327;unknown;Professional
glambymark;glambymark;69;unknown;JnJBrand
gloskinbody;gloskinbody;171;unknown;OtherBrand
gmeded_au;gmeded_au;573;unknown;Professional
gmwomen;gmwomen;295;unknown;OtherBrand
goldwynpope;goldwynpope;934;unknown;JnJBrand
goshling;goshling;711;female;OtherBrand
grantmerlfield;grantmerlfield;346;male;OtherBrand
grittyprettyed;grittyprettyed;2282;unknown;OtherBrand
hagsie;hagsie;1384;female;Professional
haiaielperez;haiaielperez;21965;male;OtherBrand
haleyunscripted;haleyunscripted;957;female;OtherBrand
harpeler;harpeler;173;male;OtherBrand
harradine1001;harradine1001;392;male;Professional
hayley_barbera;hayley_barbera;746;female;JnJBrand
hazel_rhodes1;hazel_rhodes1;74;female;OtherBrand
healthinomics;healthinomics;14761;unknown;OtherBrand
heatheriwatkins;heatheriwatkins;161;female;OtherBrand
helcat22;helcat22;67;female;OtherBrand
heligolightly;heligolightly;172;female;Professional
helloskinmart;helloskinmart;1;unknown;OtherBrand
helwalkturn;helwalkturn;37;female;Professional
herquarters;herquarters;482;unknown;OtherBrand
hinakosays;hinakosays;218;female;OtherBrand
hippychicky55;hippychicky55;56;female;Professional
hkalex83;hkalex83;26;male;OtherBrand
hlthequitymdhs;hlthequitymdhs;377;unknown;Professional
hmdcruzd;hmdcruzd;1162;female;OtherBrand
hollylaslo;hollylaslo;508;female;OtherBrand
hollywoodtrmnt;hollywoodtrmnt;18074;unknown;JnJBrand
holygrailbeaut1;holygrailbeaut1;294;unknown;OtherBrand
hoodftmendes;hoodftmendes;6508;male;JnJBrand
hoseokjinyoongi;hoseokjinyoongi;1053;male;OtherBrand
hossaigul;hossaigul;320;female;Professional
hpsoyer;hpsoyer;764;unknown;Professional
hughbinks;hughbinks;266;male;OtherBrand
hughriminton;hughriminton;62056;male;Professional
hyperglavin;hyperglavin;433;female;OtherBrand
i20brisbane;i20brisbane;316;unknown;Professional
i_am_clovitus;i_am_clovitus;1276;male;OtherBrand
iamdaniela;iamdaniela;856;female;OtherBrand
iamjannn;iamjannn;210;female;OtherBrand
iamsefjam;iamsefjam;39;male;JnJBrand
iamsimbaaah;iamsimbaaah;3448;male;OtherBrand
ianmessum;ianmessum;710;male;OtherBrand
ieemus;ieemus;16;unknown;JnJBrand
ifuckwithmiley;ifuckwithmiley;3076;unknown;OtherBrand
iitalw;iitalw;696;male;OtherBrand
immi_gartside;immi_gartside;3332;female;OtherBrand
innesbrowna;innesbrowna;276;female;OtherBrand
insightsbs;insightsbs;62703;unknown;Professional
intsocderm;intsocderm;524;unknown;Professional
invertedbee;invertedbee;401;female;OtherBrand
invest_brisbane;invest_brisbane;1677;unknown;Professional
itstaaylor;itstaaylor;3431;unknown;OtherBrand
itstalecia;itstalecia;1792;male;OtherBrand
ivankaprichard;ivankaprichard;144;female;OtherBrand
izzyluvstroye;izzyluvstroye;187;unknown;OtherBrand
j0rdanendshere;j0rdanendshere;179;unknown;OtherBrand
j_niffa;j_niffa;59;female;Professional
jaackkkd;jaackkkd;243;male;JnJBrand
jac15_9;jac15_9;862;male;Professional
jachar90;jachar90;889;male;OtherBrand
jacki_liddle;jacki_liddle;3491;female;Professional
jacksonlangford;jacksonlangford;508;male;OtherBrand
jacobsmellet;jacobsmellet;552;female;OtherBrand
jacquiegs;jacquiegs;7929;female;Professional
jaipapi1;jaipapi1;808;female;JnJBrand
jakenorris85;jakenorris85;70;male;OtherBrand
jameskbrooks;jameskbrooks;208;male;OtherBrand
jamesmathison;jamesmathison;11669;male;OtherBrand
jamie_doran;jamie_doran;531;unknown;OtherBrand
jamieandniks;jamieandniks;45385;unknown;OtherBrand
jamieandrei;jamieandrei;473;unknown;OtherBrand
jamilarizvi;jamilarizvi;16853;female;OtherBrand
janetbackstage;janetbackstage;1116;female;OtherBrand
janisjohnson2;janisjohnson2;304;female;OtherBrand
jankurdt;jankurdt;295;unknown;OtherBrand
jarradmitchell;jarradmitchell;530;male;OtherBrand
jas0nkhsu;jas0nkhsu;38;male;OtherBrand
jasonmills77;jasonmills77;406;male;Professional
jasonqueue;jasonqueue;377;male;OtherBrand
jasonroberts_pk;jasonroberts_pk;624;male;Professional
jay96;jay96;496;male;Professional
jaz_medicine;jaz_medicine;1362;female;Professional
jemmamarie_xx;jemmamarie_xx;935;female;OtherBrand
jenhock13;jenhock13;729;female;OtherBrand
jennibeattie;jennibeattie;9712;female;OtherBrand
jennineak;jennineak;5039;female;OtherBrand
jenny_stem;jenny_stem;4220;female;Professional
jess5soshemmo;jess5soshemmo;1063;male;JnJBrand
jesseankh;jesseankh;275;male;OtherBrand
jessejwalker;jessejwalker;43;male;OtherBrand
jesshealywalton;jesshealywalton;2938;female;OtherBrand
jessica_roman0;jessica_roman0;556;female;OtherBrand
jessicasimone03;jessicasimone03;38;female;OtherBrand
jiangyin;jiangyin;628;female;OtherBrand
jillruzza;jillruzza;580;female;OtherBrand
jjm7530;jjm7530;40;female;OtherBrand
jodimclark;jodimclark;671;female;OtherBrand
joel_winz;joel_winz;149;male;JnJBrand
johnacrimmins;johnacrimmins;1034;male;Professional
johnhollloake;johnhollloake;265;male;OtherBrand
johnjbhux;johnjbhux;134;male;JnJBrand
jolintsai130;jolintsai130;483;female;OtherBrand
jordanhoran16;jordanhoran16;620;male;JnJBrand
jorja_xo;jorja_xo;133;unknown;OtherBrand
josbowles;josbowles;317;female;Professional
josephine_sch;josephine_sch;290;female;OtherBrand
joshy206;joshy206;415;male;OtherBrand
joshyboi88;joshyboi88;310;male;OtherBrand
juliennekayla;juliennekayla;1094;male;OtherBrand
jus_de_fruit;jus_de_fruit;442;female;OtherBrand
justinskians_;justinskians_;676;male;OtherBrand
justsocialize;justsocialize;1967;unknown;OtherBrand
kachigmalyan;kachigmalyan;34;unknown;Professional
kaihodgkin;kaihodgkin;378;female;OtherBrand
kaitlyncooney03;kaitlyncooney03;228;female;OtherBrand
kangaroobeach;kangaroobeach;7801;male;Professional
kapposd;kapposd;14;male;OtherBrand
kaptain_kaos;kaptain_kaos;163;male;JnJBrand
kari_shah;kari_shah;40;unknown;OtherBrand
karlskib;karlskib;387;male;OtherBrand
kate_carnell;kate_carnell;160;female;OtherBrand
kateemerson88;kateemerson88;4030;female;OtherBrand
katiet75;katiet75;289;female;OtherBrand
katshepsutt;katshepsutt;258;unknown;OtherBrand
kattitude3;kattitude3;1200;female;OtherBrand
katwat1;katwat1;23;female;OtherBrand
keevatbj;keevatbj;651;female;OtherBrand
kerrygoldwyn;kerrygoldwyn;2053;male;JnJBrand
ketaminh;ketaminh;15793;male;Professional
kevinmorgantas;kevinmorgantas;2135;male;OtherBrand
kiakho;kiakho;50;male;Professional
kimclarkey;kimclarkey;72;unknown;OtherBrand
kitkatsholt;kitkatsholt;1144;unknown;JnJBrand
kittenflower;kittenflower;1752;female;OtherBrand
kiwicreatures;kiwicreatures;3218;female;OtherBrand
kkeneally;kkeneally;59978;female;OtherBrand
kopeckizlatko;kopeckizlatko;200;male;Professional
kreenash;kreenash;689;female;OtherBrand
ktasanders;ktasanders;376;female;Professional
kuroshparsi;kuroshparsi;9;unknown;Professional
kylanw2000;kylanw2000;434;male;OtherBrand
kyleandjackieo;kyleandjackieo;514605;male;JnJBrand
kymtje;kymtje;2724;female;OtherBrand
labmuffin;labmuffin;3399;female;OtherBrand
lamodeeternelle;lamodeeternelle;308;unknown;JnJBrand
lantudor;lantudor;200;male;OtherBrand
larocheposay_au;larocheposay_au;1183;unknown;OtherBrand
larry_is_love18;larry_is_love18;3344;unknown;OtherBrand
lasercareaust;lasercareaust;14;unknown;Professional
lauralm88;lauralm88;3425;female;JnJBrand
lavalounger;lavalounger;340;male;OtherBrand
lazerzap;lazerzap;2799;unknown;Professional
le_shill;le_shill;217;unknown;OtherBrand
leahvibescsgo;leahvibescsgo;9268;unknown;JnJBrand
leather_lattes;leather_lattes;1555;female;OtherBrand
leighacampbell;leighacampbell;9567;female;OtherBrand
len41;len41;10911;male;JnJBrand
leobienosa;leobienosa;338;female;JnJBrand
leprechaunjack7;leprechaunjack7;1985;female;OtherBrand
letowynnyt;letowynnyt;64;unknown;OtherBrand
librariannaoz;librariannaoz;378;female;OtherBrand
lifeiinherbs;lifeiinherbs;45;unknown;OtherBrand
lildamekl;lildamekl;27;female;OtherBrand
lillydayx;lillydayx;179;female;OtherBrand
lilyrmunroe;lilyrmunroe;1650;female;OtherBrand
lindivine;lindivine;676;female;OtherBrand
linnyj61;linnyj61;46;female;OtherBrand
liquiditii;liquiditii;61;unknown;OtherBrand
lisa_h_amir;lisa_h_amir;1091;female;OtherBrand
lisaczepiel;lisaczepiel;659;female;OtherBrand
lisatom106;lisatom106;15;female;Professional
lissagiedraitis;lissagiedraitis;525;female;JnJBrand
livssunshine;livssunshine;74;female;JnJBrand
lizchristensen2;lizchristensen2;301;female;Professional
lizziebknight;lizziebknight;854;female;OtherBrand
lladymax;lladymax;253;female;OtherBrand
lnl_rosa;lnl_rosa;444;female;OtherBrand
lookmuchyounger;lookmuchyounger;2099;unknown;Professional
lorealaustralia;lorealaustralia;6653;unknown;OtherBrand
lovefaith_hope;lovefaith_hope;385;female;Professional
lovelifecrystal;lovelifecrystal;99;female;JnJBrand
loveluce_xo;loveluce_xo;134;female;OtherBrand
lovinggrimmeh;lovinggrimmeh;1368;female;JnJBrand
lucasli9125;lucasli9125;1107;male;OtherBrand
lucindawright_;lucindawright_;1536;female;OtherBrand
lucy_macarthur;lucy_macarthur;735;female;OtherBrand
lurksides;lurksides;1494;female;OtherBrand
lynholdsworth26;lynholdsworth26;1202;female;OtherBrand
maccapolitical;maccapolitical;512;male;Professional
maddydale1;maddydale1;205;female;JnJBrand
madelinelaffey;madelinelaffey;55;female;OtherBrand
madvet2000;madvet2000;1984;female;OtherBrand
madzsux666;madzsux666;1035;female;OtherBrand
maggersz;maggersz;2154;female;OtherBrand
manallxox;manallxox;126;female;OtherBrand
mango_smut;mango_smut;523;female;OtherBrand
mardiek;mardiek;74;female;OtherBrand
mariafarmerpr;mariafarmerpr;1140;female;OtherBrand
maritacowie;maritacowie;2723;female;Professional
marryinb;marryinb;1037;female;OtherBrand
marthasmadrigal;marthasmadrigal;161;female;OtherBrand
martin_sanna;martin_sanna;1385;male;Professional
martinwalsh;martinwalsh;4380;male;OtherBrand
marya_kenya254;marya_kenya254;22;female;OtherBrand
maryannhuth;maryannhuth;45;female;OtherBrand
mashxtowin;mashxtowin;532;male;OtherBrand
mathildesselle;mathildesselle;1025;female;Professional
mattbrick1;mattbrick1;396;male;OtherBrand
matthewweir18;matthewweir18;27;male;OtherBrand
maxoberonauthor;maxoberonauthor;7809;male;OtherBrand
may_april_rose;may_april_rose;159;unknown;OtherBrand
maylisa805;maylisa805;171;unknown;OtherBrand
mbbl_tweets;mbbl_tweets;93;female;OtherBrand
mbpaperpackages;mbpaperpackages;994;female;OtherBrand
mbrown_beauty;mbrown_beauty;2306;male;OtherBrand
mbtreazrae;mbtreazrae;1943;unknown;OtherBrand
mcjsbusiness;mcjsbusiness;15638;male;OtherBrand
mcmdigitalau;mcmdigitalau;389;unknown;OtherBrand
mdmabsentminded;mdmabsentminded;3376;female;OtherBrand
meagziking;meagziking;276;female;OtherBrand
mediascope_;mediascope_;3584;unknown;OtherBrand
meisshaily;meisshaily;7614;unknown;Professional
mel_cocker;mel_cocker;21;male;OtherBrand
melbourneyum;melbourneyum;16580;unknown;OtherBrand
melframe;melframe;274;male;Professional
meliaxford;meliaxford;125;female;OtherBrand
melissakblair;melissakblair;348;female;OtherBrand
melkettle;melkettle;10211;male;Professional
melkingit;melkingit;514;female;OtherBrand
melliszewski;melliszewski;1081;female;OtherBrand
melmc13;melmc13;19;female;Professional
mgr16;mgr16;2752;female;Professional
michelleleech5;michelleleech5;170;female;Professional
mikeguelfi;mikeguelfi;6;male;OtherBrand
mikeyr1973;mikeyr1973;827;unknown;JnJBrand
mikoyamada1086;mikoyamada1086;5;male;Professional
mimijazman;mimijazman;379;female;OtherBrand
mincle;mincle;1493;unknown;Professional
mingylong;mingylong;1556;unknown;OtherBrand
mischbypls;mischbypls;282;female;OtherBrand
mishfee;mishfee;64;female;OtherBrand
miss_tanny;miss_tanny;233;female;OtherBrand
missannaqian;missannaqian;33;unknown;OtherBrand
missgtbeauty;missgtbeauty;54;female;JnJBrand
misskylie77;misskylie77;3564;female;OtherBrand
mitchills;mitchills;2073;male;OtherBrand
mixtapehero;mixtapehero;695;male;OtherBrand
mm_ssssshh;mm_ssssshh;1380;female;OtherBrand
mnuglobal;mnuglobal;3098;unknown;OtherBrand
model_appetite;model_appetite;163;unknown;OtherBrand
modibodi;modibodi;633;unknown;OtherBrand
monica_melb;monica_melb;10;female;OtherBrand
mortimershole;mortimershole;3894;unknown;OtherBrand
mrodriguesmd;mrodriguesmd;605;female;Professional
mrrosshalliday;mrrosshalliday;2339;male;OtherBrand
mrsbrownno3;mrsbrownno3;6430;female;OtherBrand
mrwebmarketing;mrwebmarketing;1640;male;OtherBrand
ms_franklin_vp;ms_franklin_vp;775;female;OtherBrand
ms_iles;ms_iles;455;female;OtherBrand
ms_jelena_x;ms_jelena_x;1109;female;OtherBrand
ms_maire;ms_maire;59;female;OtherBrand
msmansk;msmansk;1128;female;OtherBrand
msmel13;msmel13;303;female;Professional
mssfairchild;mssfairchild;434;female;OtherBrand
mstessalexandra;mstessalexandra;126;female;OtherBrand
msveruca;msveruca;3266;female;OtherBrand
muazammirazman;muazammirazman;376;male;OtherBrand
mumconfession;mumconfession;1484;female;OtherBrand
muppet_poolie;muppet_poolie;327;male;JnJBrand
mystic_medusa;mystic_medusa;4884;unknown;OtherBrand
naevicre;naevicre;208;unknown;Professional
nakedgardiner;nakedgardiner;166;female;Professional
nameslike_james;nameslike_james;308;unknown;OtherBrand
nani_ilyani;nani_ilyani;54;female;OtherBrand
nashgriieerrrr;nashgriieerrrr;1195;female;JnJBrand
nashoskian;nashoskian;29687;female;JnJBrand
nataliee__marie;nataliee__marie;286;female;JnJBrand
nathantoll_;nathantoll_;123;male;OtherBrand
nattydb;nattydb;487;female;OtherBrand
nattym21;nattym21;19;female;Professional
nebby_99;nebby_99;189;unknown;OtherBrand
neeraj_sci;neeraj_sci;34;unknown;Professional
neiltilbrook;neiltilbrook;85;female;OtherBrand
neonchipmunk;neonchipmunk;168;female;OtherBrand
newswatchoz;newswatchoz;1209;unknown;OtherBrand
nic_jameson;nic_jameson;536;female;OtherBrand
nickhongsenglee;nickhongsenglee;35;male;Professional
nickosbaldiston;nickosbaldiston;1829;male;OtherBrand
nicolejensen;nicolejensen;5805;female;OtherBrand
nicoleliebmann;nicoleliebmann;123;female;OtherBrand
nikdigital;nikdigital;1326;female;JnJBrand
nikiromeyn7;nikiromeyn7;443;female;OtherBrand
nikkierinmusic;nikkierinmusic;68;female;OtherBrand
nikkimeyer;nikkimeyer;13;female;OtherBrand
ninaashfield;ninaashfield;46;female;OtherBrand
nivvelankar;nivvelankar;209;unknown;OtherBrand
nizzasiano;nizzasiano;308;unknown;OtherBrand
nkasparian;nkasparian;1647;female;Professional
nlafanclub;nlafanclub;1499;male;OtherBrand
none;none;0;unknown;OtherBrand
noodlegirl2010;noodlegirl2010;303;unknown;Professional
nos4int;nos4int;1115;unknown;OtherBrand
notasheepyet;notasheepyet;141;unknown;OtherBrand
nrfhmc;nrfhmc;48;unknown;OtherBrand
nsdermatology;nsdermatology;387;unknown;Professional
nsmale;nsmale;1663;male;Professional
nydiadavilama;nydiadavilama;159;male;JnJBrand
nzuccca;nzuccca;228;female;JnJBrand
o2ldolan;o2ldolan;4506;male;JnJBrand
oakydolan;oakydolan;1145;female;JnJBrand
ochreblue;ochreblue;2452;unknown;OtherBrand
officalac_;officalac_;60;female;OtherBrand
ohmeplums;ohmeplums;691;female;OtherBrand
olgaolha;olgaolha;8551;female;OtherBrand
oliveli994111;oliveli994111;21;female;OtherBrand
omfgrules;omfgrules;148;unknown;OtherBrand
onelastnash;onelastnash;387;female;JnJBrand
oneninetynine;oneninetynine;203;unknown;OtherBrand
onikaredz;onikaredz;1812;male;OtherBrand
ontakt;ontakt;481;unknown;OtherBrand
orendamagau;orendamagau;65;unknown;OtherBrand
oscarelmahdy;oscarelmahdy;10;male;OtherBrand
ourfemeconomy;ourfemeconomy;1129;unknown;OtherBrand
ozbeautydeals;ozbeautydeals;503;unknown;OtherBrand
ozdermatologist;ozdermatologist;2791;unknown;Professional
ozharvest;ozharvest;15357;unknown;OtherBrand
ozproductjunkie;ozproductjunkie;536;male;OtherBrand
padstamundo;padstamundo;527;male;Professional
pahospital;pahospital;2562;unknown;Professional
papermagnolia;papermagnolia;675;unknown;OtherBrand
parfoundation;parfoundation;799;unknown;Professional
parsacarly;parsacarly;61;female;OtherBrand
patrushkaz;patrushkaz;358;female;Professional
paulrigby7;paulrigby7;237;male;OtherBrand
people_reel;people_reel;2889;unknown;OtherBrand
perfectcanvasay;perfectcanvasay;34;unknown;OtherBrand
periopttecho;periopttecho;493;unknown;Professional
persuasiveprose;persuasiveprose;1021;male;OtherBrand
petehong86;petehong86;341;male;OtherBrand
peterdoyley;peterdoyley;1134;male;Professional
pharm_unimelb;pharm_unimelb;73;unknown;Professional
pharmacydaily;pharmacydaily;3005;unknown;OtherBrand
pieashy;pieashy;2126;male;JnJBrand
pinkbyness;pinkbyness;665;female;OtherBrand
pirinoes;pirinoes;461;female;Professional
pissedachios;pissedachios;121;female;OtherBrand
pitrko;pitrko;702;unknown;OtherBrand
plasticdiaries;plasticdiaries;4651;female;OtherBrand
platinumderma;platinumderma;26;unknown;Professional
pollymaeve;pollymaeve;2470;female;OtherBrand
polyrizumu;polyrizumu;859;female;OtherBrand
pony_farts;pony_farts;209;female;OtherBrand
popamnesty;popamnesty;34;unknown;OtherBrand
prachipreaches;prachipreaches;1062;unknown;OtherBrand
prajwaltuladhar;prajwaltuladhar;84;unknown;Professional
pray4merder;pray4merder;1173;unknown;OtherBrand
pricelineau;pricelineau;24439;unknown;JnJBrand
primalhit;primalhit;32;male;OtherBrand
priyant1987;priyant1987;981;unknown;JnJBrand
proactivaus;proactivaus;368;unknown;OtherBrand
probeauty_aust;probeauty_aust;3021;unknown;OtherBrand
prodermal;prodermal;5;unknown;OtherBrand
productunveil;productunveil;8;unknown;OtherBrand
professorjanna;professorjanna;546;female;Professional
prue_donovan;prue_donovan;75;female;Professional
prufrockery;prufrockery;5007;female;OtherBrand
pshaustralia;pshaustralia;863;unknown;Professional
purplecuri_;purplecuri_;86;unknown;OtherBrand
purposepeople;purposepeople;527;unknown;OtherBrand
puttatweets;puttatweets;1209;unknown;JnJBrand
pws5678;pws5678;49;male;OtherBrand
qcifltd;qcifltd;729;unknown;Professional
qimrberghofer;qimrberghofer;2361;unknown;Professional
qldgenomics;qldgenomics;191;unknown;Professional
quincydgarin;quincydgarin;1508;female;OtherBrand
quinn_gascoine;quinn_gascoine;46;unknown;JnJBrand
qut_ihbi;qut_ihbi;496;unknown;Professional
qutmedia;qutmedia;19245;unknown;Professional
racgp;racgp;15064;unknown;Professional
rainamacintyre;rainamacintyre;774;female;Professional
ralphd2;ralphd2;2085;male;OtherBrand
rasi_xoxo;rasi_xoxo;462;unknown;OtherBrand
rdisposition;rdisposition;343;female;OtherBrand
re_elfashion;re_elfashion;2393;unknown;OtherBrand
realdoseofdee;realdoseofdee;484;unknown;OtherBrand
rebeccajacovou;rebeccajacovou;195;female;Professional
redfernmichelle;redfernmichelle;759;female;OtherBrand
reelax1_;reelax1_;723;unknown;OtherBrand
reenieculjak;reenieculjak;22;female;OtherBrand
reign_coco;reign_coco;6233;female;OtherBrand
renata_pirata;renata_pirata;334;female;OtherBrand
reportwe;reportwe;0;unknown;OtherBrand
researchrevaus;researchrevaus;1238;unknown;Professional
rfheartnm;rfheartnm;1187;unknown;OtherBrand
rgenci57;rgenci57;12069;unknown;OtherBrand
rgv_2000;rgv_2000;32;male;OtherBrand
rheemor;rheemor;4959;female;Professional
richaod;richaod;1833;male;OtherBrand
richard_rmgs;richard_rmgs;141;male;OtherBrand
ristro24;ristro24;318;unknown;OtherBrand
robvnet;robvnet;1055;male;OtherBrand
rockmafiaaussie;rockmafiaaussie;306;unknown;JnJBrand
rodbamberry;rodbamberry;824;male;OtherBrand
rollinndolann;rollinndolann;26;unknown;JnJBrand
romcdonald;romcdonald;494;female;OtherBrand
roosh_w;roosh_w;39;unknown;JnJBrand
ross1coe;ross1coe;3537;male;JnJBrand
roud7734;roud7734;80;unknown;OtherBrand
ruby_walsh95;ruby_walsh95;3;female;JnJBrand
russellallert;russellallert;1106;male;OtherBrand
rustyroar;rustyroar;19347;unknown;JnJBrand
ruthstarke;ruthstarke;291;female;OtherBrand
ry_comau;ry_comau;1361;unknown;OtherBrand
sadhbhis;sadhbhis;6;unknown;JnJBrand
safetysaunge;safetysaunge;1223;female;OtherBrand
sal_star1;sal_star1;1114;female;Professional
salinasydney;salinasydney;435;female;OtherBrand
sallyjsara;sallyjsara;44213;female;OtherBrand
sam_weingott;sam_weingott;28;unknown;OtherBrand
samanthaswai;samanthaswai;531;female;OtherBrand
samantixism;samantixism;3627;female;OtherBrand
sampavin;sampavin;31313;male;OtherBrand
samwinterland;samwinterland;121;female;OtherBrand
sandraturner49;sandraturner49;1736;female;Professional
sandyfeetaus;sandyfeetaus;3623;female;OtherBrand
sarahjbuckley;sarahjbuckley;2213;female;OtherBrand
sarahlamothe4;sarahlamothe4;52;female;JnJBrand
satuc;satuc;340;female;OtherBrand
sausageeyeroll;sausageeyeroll;172;female;OtherBrand
savvysaverau;savvysaverau;105;unknown;OtherBrand
scbeauty;scbeauty;36;female;OtherBrand
sciencemarchbne;sciencemarchbne;806;unknown;Professional
scottjok;scottjok;586;male;OtherBrand
scroggstl;scroggstl;5606;male;OtherBrand
scuraido;scuraido;73;male;Professional
seangeoghegan;seangeoghegan;1728;male;OtherBrand
secondcaylen;secondcaylen;1306;female;JnJBrand
seren14dipity;seren14dipity;342;female;OtherBrand
serenamleigh;serenamleigh;36;female;Professional
shaniquaqks;shaniquaqks;24;female;JnJBrand
shannon_hussey1;shannon_hussey1;2;unknown;JnJBrand
sharonclues;sharonclues;1467;unknown;OtherBrand
sharonfajou;sharonfajou;412;female;OtherBrand
sharonsmakeup;sharonsmakeup;6693;female;JnJBrand
shaunsivan;shaunsivan;90929;male;OtherBrand
shazanfar;shazanfar;586;female;Professional
sheiseryn;sheiseryn;755;female;OtherBrand
shinyglitterbug;shinyglitterbug;1206;unknown;OtherBrand
shnxr;shnxr;9;unknown;OtherBrand
shockresistant2;shockresistant2;2179;unknown;OtherBrand
shortfunnyguy;shortfunnyguy;575;male;OtherBrand
shrydar;shrydar;1791;male;OtherBrand
shuboogie;shuboogie;3583;unknown;JnJBrand
siennarosaa;siennarosaa;506;female;JnJBrand
sincerlysyd;sincerlysyd;702;male;OtherBrand
sinea1316;sinea1316;392;female;JnJBrand
siobhanbarry_;siobhanbarry_;56;female;Professional
sirive;sirive;668;male;OtherBrand
skincancerguru;skincancerguru;141;male;Professional
skincarestore;skincarestore;751;unknown;OtherBrand
skinfitlife;skinfitlife;1882;female;Professional
skinpathology;skinpathology;6325;male;Professional
skinplusderm;skinplusderm;76;unknown;Professional
skiposs;skiposs;2501;male;OtherBrand
slbaldry;slbaldry;588;male;Professional
sleepandwater;sleepandwater;566;unknown;OtherBrand
sloanranger77;sloanranger77;494;male;Professional
snackbarass;snackbarass;10365;unknown;OtherBrand
snapphotomatt;snapphotomatt;140;male;OtherBrand
snorlaxmonster;snorlaxmonster;7553;unknown;OtherBrand
socalledmel;socalledmel;2769;female;OtherBrand
socialchangeaus;socialchangeaus;7697;unknown;OtherBrand
soniastyling;soniastyling;1739;female;OtherBrand
soph_wattsy;soph_wattsy;92;female;JnJBrand
sophiakevans;sophiakevans;82;female;OtherBrand
sophie_bella13;sophie_bella13;69;female;JnJBrand
soul_james;soul_james;683;male;OtherBrand
soundscaper;soundscaper;1927;female;OtherBrand
spark0ver;spark0ver;23;female;OtherBrand
sphleaa;sphleaa;370;female;OtherBrand
spinzig;spinzig;765;male;OtherBrand
sqrlst;sqrlst;3061;unknown;OtherBrand
stefanobris;stefanobris;210;male;Professional
steffiejade;steffiejade;24;female;OtherBrand
stephaniemaii_x;stephaniemaii_x;1908;female;JnJBrand
stephen51880133;stephen51880133;99;male;OtherBrand
stepupdigital;stepupdigital;573;male;OtherBrand
stylebysusana;stylebysusana;6315;female;OtherBrand
styleguytv;styleguytv;34;unknown;OtherBrand
stylingyou;stylingyou;13294;female;OtherBrand
sudharmapala;sudharmapala;2516;female;OtherBrand
sueken;sueken;2407;female;OtherBrand
suenorr11888815;suenorr11888815;1026;female;OtherBrand
sunday_chapter;sunday_chapter;2664;female;OtherBrand
sundicatorsaus;sundicatorsaus;138;unknown;Professional
sunnycsharma;sunnycsharma;250;male;Professional
supermadchick;supermadchick;6;unknown;JnJBrand
superstarphenom;superstarphenom;22918;female;OtherBrand
suthernx;suthernx;4986;female;OtherBrand
suzyjacobs;suzyjacobs;6964;female;OtherBrand
sweetawareness;sweetawareness;0;female;OtherBrand
syahmiraazwa;syahmiraazwa;354;female;OtherBrand
sydcommfdn;sydcommfdn;1216;unknown;OtherBrand
sydneychicblog;sydneychicblog;16519;female;OtherBrand
sydneydigital;sydneydigital;7043;unknown;OtherBrand
sydniki;sydniki;911;female;OtherBrand
symonsbrown;symonsbrown;1607;female;OtherBrand
synaptickid;synaptickid;295;male;OtherBrand
szebastianonne;szebastianonne;22097;male;JnJBrand
tafensw;tafensw;5474;unknown;OtherBrand
tamacoleo;tamacoleo;314;female;OtherBrand
tamikaskyy;tamikaskyy;537;female;JnJBrand
tarlprow;tarlprow;61;unknown;Professional
tayroser5;tayroser5;294;male;JnJBrand
tbcchats;tbcchats;55;unknown;OtherBrand
tcamerontodd;tcamerontodd;1034;male;Professional
tcox_lab;tcox_lab;362;unknown;Professional
team_duxywoo;team_duxywoo;1436;male;Professional
teamdaley;teamdaley;10724;unknown;OtherBrand
teekayp;teekayp;457;female;OtherBrand
terripsiakis;terripsiakis;2492;female;OtherBrand
thanhvyn;thanhvyn;34;male;OtherBrand
thatsdruidic;thatsdruidic;87;unknown;OtherBrand
thedailymark;thedailymark;1300;unknown;OtherBrand
thedaisygardner;thedaisygardner;383;female;OtherBrand
thehealthygp;thehealthygp;902;male;Professional
thekathoyos;thekathoyos;941;female;OtherBrand
thelabfeed;thelabfeed;419;unknown;OtherBrand
thelifeof_laura;thelifeof_laura;482;female;OtherBrand
themrsfae;themrsfae;1108;female;OtherBrand
thenathanparker;thenathanparker;124;male;OtherBrand
theotherbrodie;theotherbrodie;1133;female;OtherBrand
theprojecttv;theprojecttv;502979;unknown;Professional
thepunkrockshop;thepunkrockshop;979;male;OtherBrand
theredwitch;theredwitch;1254;unknown;OtherBrand
theremotecoach;theremotecoach;562;female;OtherBrand
theriseofgomez;theriseofgomez;8639;female;JnJBrand
theriverfed;theriverfed;774;unknown;OtherBrand
thestyletrust;thestyletrust;658;unknown;OtherBrand
thesydneygloss;thesydneygloss;3130;unknown;OtherBrand
thetelling;thetelling;594;female;JnJBrand
thetiamari_oz;thetiamari_oz;328;female;JnJBrand
thetkennedy;thetkennedy;270;female;OtherBrand
thetruthexpress;thetruthexpress;33;unknown;OtherBrand
thewillofjane;thewillofjane;9;female;OtherBrand
thisisamplify;thisisamplify;98852;unknown;OtherBrand
thomasrcox;thomasrcox;556;male;Professional
thoughtseeding;thoughtseeding;695;unknown;OtherBrand
tiahmccurdy;tiahmccurdy;329;unknown;OtherBrand
tiana_g123;tiana_g123;13;female;Professional
timchesterfield;timchesterfield;101;male;OtherBrand
tipsyfortroye;tipsyfortroye;1116;female;OtherBrand
tmc071;tmc071;934;female;OtherBrand
tomcharman;tomcharman;122;male;OtherBrand
tommarlow_;tommarlow_;2000;male;JnJBrand
tommaynard;tommaynard;1206;male;OtherBrand
tonialou1;tonialou1;12;female;OtherBrand
toomanypandoras;toomanypandoras;38;unknown;OtherBrand
touchofbeautysa;touchofbeautysa;556;unknown;OtherBrand
towardambiguity;towardambiguity;187;unknown;OtherBrand
traceymfoley;traceymfoley;534;female;OtherBrand
transdownunder;transdownunder;2973;unknown;OtherBrand
trenordennicola;trenordennicola;4383;female;OtherBrand
tri_info;tri_info;1660;male;Professional
tribeflare;tribeflare;76;unknown;OtherBrand
trishheng;trishheng;430;female;OtherBrand
tropicalqld;tropicalqld;131;female;OtherBrand
tswestbrook;tswestbrook;769;male;OtherBrand
uberbrand;uberbrand;1716;unknown;OtherBrand
uddinkpr;uddinkpr;328;male;Professional
ulexar;ulexar;358;female;OtherBrand
unclechilliman;unclechilliman;978;male;OtherBrand
unimelbmdhs;unimelbmdhs;3596;unknown;Professional
unisafii;unisafii;347;unknown;Professional
uon_nova;uon_nova;536;unknown;Professional
uq_coh;uq_coh;228;unknown;Professional
uq_news;uq_news;73426;unknown;Professional
uq_phnutrition;uq_phnutrition;270;unknown;Professional
uqalumni;uqalumni;1946;unknown;Professional
uqhealth;uqhealth;2286;unknown;Professional
uqmedicine;uqmedicine;1934;unknown;Professional
vacuousness;vacuousness;710;unknown;OtherBrand
vagniou;vagniou;26;female;OtherBrand
vaiduvlogz;vaiduvlogz;560;female;OtherBrand
vanessaworldofh;vanessaworldofh;4116;female;OtherBrand
venessb;venessb;2588;male;Professional
venuscomms;venuscomms;3252;unknown;OtherBrand
venusgoesgidget;venusgoesgidget;171;unknown;OtherBrand
veronicabest2u;veronicabest2u;1017;female;JnJBrand
victorchanginst;victorchanginst;3183;unknown;Professional
viennavox1;viennavox1;686;female;OtherBrand
vikorbobi;vikorbobi;175;male;OtherBrand
vkat81;vkat81;26;female;OtherBrand
voguefitblog;voguefitblog;464;female;OtherBrand
waggafeminist;waggafeminist;103;female;OtherBrand
wandertravel1;wandertravel1;113;female;OtherBrand
weezmgk;weezmgk;1745;unknown;JnJBrand
welcometocom;welcometocom;280;unknown;OtherBrand
wellness50plus;wellness50plus;14;unknown;JnJBrand
welshwonder101;welshwonder101;22;male;JnJBrand
wendybirdoz;wendybirdoz;639;female;OtherBrand
wepublichealth;wepublichealth;11188;unknown;Professional
wepunchbears;wepunchbears;204;female;OtherBrand
westsidederm;westsidederm;1033;unknown;Professional
wiidthouqhts;wiidthouqhts;8437;female;OtherBrand
wildsivanna;wildsivanna;1163;unknown;JnJBrand
williamsondayna;williamsondayna;5;female;Professional
witho56;witho56;168;male;OtherBrand
wljdaus;wljdaus;3099;unknown;OtherBrand
wmsaustralia;wmsaustralia;1036;unknown;OtherBrand
womeninmediaoz;womeninmediaoz;2168;unknown;OtherBrand
woodwardgeorgie;woodwardgeorgie;171;female;OtherBrand
worldskills_au;worldskills_au;2897;unknown;OtherBrand
wrightspr;wrightspr;1969;unknown;OtherBrand
wypipowoke;wypipowoke;991;female;OtherBrand
xclarissam;xclarissam;227;female;OtherBrand
yaakov_h;yaakov_h;541;male;OtherBrand
yadscauchi;yadscauchi;589;female;OtherBrand
yazminevanss;yazminevanss;844;unknown;OtherBrand
yeam;yeam;1039;unknown;OtherBrand
yolanda_vu_;yolanda_vu_;1047;female;OtherBrand
yollershollers;yollershollers;1183;female;OtherBrand
yolodykim;yolodykim;85;unknown;OtherBrand
yourpalthomlett;yourpalthomlett;37;male;OtherBrand
yummololaberry;yummololaberry;12227;female;OtherBrand
zechray;zechray;55;female;OtherBrand
zephstefkrysezi;zephstefkrysezi;755;female;OtherBrand
zesy_fiverr;zesy_fiverr;1102;unknown;OtherBrand
zevoawarlock;zevoawarlock;276;male;OtherBrand
;;0;unknown;Professional
