Id;Label;Followers;Gender;BrandSource
_hannahweir_;_hannahweir_;0;unknown;OtherBrand
_letsbenosey;_letsbenosey;0;unknown;OtherBrand
_madeleinemay;_madeleinemay;0;unknown;OtherBrand
a.few.of.my.favourite.things;a.few.of.my.favourite.things;0;unknown;OtherBrand
a_certain_kinda_touch_skincare;a_certain_kinda_touch_skincare;0;unknown;OtherBrand
additionalglamour;additionalglamour;0;unknown;OtherBrand
adelightfulbalance;adelightfulbalance;0;unknown;OtherBrand
alburydermatology;alburydermatology;0;unknown;Professional
alexanderblackmusicofficial;alexanderblackmusicofficial;0;unknown;OtherBrand
amcalpharmacity;amcalpharmacity;0;unknown;OtherBrand
amcaltooronga;amcaltooronga;0;unknown;OtherBrand
ammionbudget;ammionbudget;0;unknown;OtherBrand
amy_elice;amy_elice;0;unknown;OtherBrand
amylauren_xo_;amylauren_xo_;0;unknown;OtherBrand
amymareecomber;amymareecomber;0;unknown;Professional
angelsofbeautyadelaide;angelsofbeautyadelaide;0;unknown;OtherBrand
annakooiman;annakooiman;0;unknown;JnJBrand
annaxxx_;annaxxx_;0;unknown;OtherBrand
apairofones;apairofones;0;unknown;OtherBrand
aquabeautybar;aquabeautybar;0;unknown;OtherBrand
areteaesthetics;areteaesthetics;0;unknown;OtherBrand
asena_beauty;asena_beauty;0;unknown;OtherBrand
ash_murrell93;ash_murrell93;0;unknown;OtherBrand
aveenoau;aveenoau;0;unknown;JnJBrand
avene_au;avene_au;0;unknown;OtherBrand
aweacademy;aweacademy;0;unknown;Professional
baggasnewcastle;baggasnewcastle;0;unknown;OtherBrand
bare.beauty;bare.beauty;0;unknown;OtherBrand
bargainbaglady;bargainbaglady;0;unknown;OtherBrand
beautiloco_beautyclinicandspa;beautiloco_beautyclinicandspa;0;unknown;OtherBrand
beautoriumhob;beautoriumhob;0;unknown;OtherBrand
beauty_at_savvy;beauty_at_savvy;0;unknown;OtherBrand
beauty_at_the_towers;beauty_at_the_towers;0;unknown;OtherBrand
beauty_bytheriver;beauty_bytheriver;0;unknown;OtherBrand
beautybaseluxuryspaclinic;beautybaseluxuryspaclinic;0;unknown;OtherBrand
beautybyash1;beautybyash1;0;unknown;OtherBrand
beautybybeck;beautybybeck;0;unknown;OtherBrand
beautybyjess365;beautybyjess365;0;unknown;OtherBrand
beautycrew;beautycrew;0;unknown;Professional
beautyheaven;beautyheaven;0;unknown;JnJBrand
beautynews_au;beautynews_au;0;unknown;JnJBrand
beautytaless;beautytaless;0;unknown;JnJBrand
bebyrae;bebyrae;0;unknown;OtherBrand
bel_leelee;bel_leelee;0;unknown;OtherBrand
belles.kr;belles.kr;0;unknown;OtherBrand
benaturallyyou;benaturallyyou;0;unknown;OtherBrand
biodermaaustralia;biodermaaustralia;0;unknown;OtherBrand
blowwavesbykristina;blowwavesbykristina;0;unknown;OtherBrand
blueplanetpr;blueplanetpr;0;unknown;OtherBrand
brazilianbeautyclayfield;brazilianbeautyclayfield;0;unknown;OtherBrand
briiwright_;briiwright_;0;unknown;OtherBrand
bronzingonmacleay;bronzingonmacleay;0;unknown;OtherBrand
brookemcginniss;brookemcginniss;0;unknown;OtherBrand
brooksideshopping;brooksideshopping;0;unknown;OtherBrand
bygabrielle;bygabrielle;0;unknown;OtherBrand
carmelo001;carmelo001;0;unknown;OtherBrand
carriejaboor;carriejaboor;0;unknown;OtherBrand
cat13gram;cat13gram;0;unknown;OtherBrand
caulfielddermatology;caulfielddermatology;0;unknown;OtherBrand
cetaphilaustralia;cetaphilaustralia;0;unknown;OtherBrand
ceymery;ceymery;0;unknown;OtherBrand
chantelle_larfield;chantelle_larfield;0;unknown;OtherBrand
chelsea_brown_hmua;chelsea_brown_hmua;0;unknown;OtherBrand
chelseabrown.hmua;chelseabrown.hmua;0;unknown;OtherBrand
cindysambola;cindysambola;0;unknown;OtherBrand
cocoonskintherapy;cocoonskintherapy;0;unknown;OtherBrand
collaroyskinandbeauty;collaroyskinandbeauty;0;unknown;OtherBrand
coloursofshadows;coloursofshadows;0;unknown;OtherBrand
court.in.makeup;court.in.makeup;0;unknown;JnJBrand
courtneyjmakeup;courtneyjmakeup;0;unknown;JnJBrand
curlysiouxsie;curlysiouxsie;0;unknown;OtherBrand
danicayemakeup;danicayemakeup;0;unknown;OtherBrand
danielle_vella;danielle_vella;0;unknown;OtherBrand
demelzabuckley;demelzabuckley;0;unknown;JnJBrand
dermalogicaaus;dermalogicaaus;0;unknown;OtherBrand
dermalogicaeduaus;dermalogicaeduaus;0;unknown;OtherBrand
dialytesbeautytherapy;dialytesbeautytherapy;0;unknown;OtherBrand
dianadjurdjevski_makeup;dianadjurdjevski_makeup;0;unknown;OtherBrand
diaryofange;diaryofange;0;unknown;JnJBrand
dnabeautytherapy;dnabeautytherapy;0;unknown;OtherBrand
doctorfinesse;doctorfinesse;0;unknown;Professional
drdavinlim;drdavinlim;0;unknown;Professional
dressmegc;dressmegc;0;unknown;OtherBrand
drnatashacook;drnatashacook;0;unknown;Professional
dynamiqueblog;dynamiqueblog;0;unknown;JnJBrand
edendayspa;edendayspa;0;unknown;OtherBrand
eleanorpendleton;eleanorpendleton;0;unknown;OtherBrand
ellarougekotara;ellarougekotara;0;unknown;OtherBrand
emilyrosehairandbeauty;emilyrosehairandbeauty;0;unknown;OtherBrand
emlebo;emlebo;0;unknown;OtherBrand
emmagloriagertrude;emmagloriagertrude;0;unknown;OtherBrand
enrichclinic;enrichclinic;0;unknown;Professional
espritmagazine;espritmagazine;0;unknown;OtherBrand
essentialbeautyskincareclinic;essentialbeautyskincareclinic;0;unknown;OtherBrand
fabulousandfunlife;fabulousandfunlife;0;unknown;OtherBrand
faceandbeautyau;faceandbeautyau;0;unknown;OtherBrand
fashionista_in_suburbia;fashionista_in_suburbia;0;unknown;OtherBrand
femmeepidermalclinic;femmeepidermalclinic;0;unknown;OtherBrand
flavourbeautytherapists;flavourbeautytherapists;0;unknown;OtherBrand
flawlessbeautybypeta;flawlessbeautybypeta;0;unknown;OtherBrand
fraulein_foxwhelp;fraulein_foxwhelp;0;unknown;OtherBrand
freshsalon;freshsalon;0;unknown;OtherBrand
frosty_gloss;frosty_gloss;0;unknown;JnJBrand
gabtully;gabtully;0;unknown;JnJBrand
gemkwatts;gemkwatts;0;unknown;OtherBrand
genevieve_and_i;genevieve_and_i;0;unknown;OtherBrand
girlsxploring;girlsxploring;0;unknown;OtherBrand
glamandbeauty81;glamandbeauty81;0;unknown;OtherBrand
gloomybear_jazz;gloomybear_jazz;0;unknown;OtherBrand
hannahlates;hannahlates;0;unknown;OtherBrand
havenbeautybar;havenbeautybar;0;unknown;OtherBrand
hawthornebeautyroom;hawthornebeautyroom;0;unknown;OtherBrand
hayleyslydell;hayleyslydell;0;unknown;OtherBrand
healthy_beauty_addict_;healthy_beauty_addict_;0;unknown;OtherBrand
helenachelsea;helenachelsea;0;unknown;OtherBrand
helloskinblog;helloskinblog;0;unknown;OtherBrand
herquarters;herquarters;0;unknown;OtherBrand
heyfancyface_skincare;heyfancyface_skincare;0;unknown;OtherBrand
hokysiswanmakeupartistprokit;hokysiswanmakeupartistprokit;0;unknown;OtherBrand
holly_maree_mua;holly_maree_mua;0;unknown;JnJBrand
honeybodysalon;honeybodysalon;0;unknown;OtherBrand
hopedermatology;hopedermatology;0;unknown;Professional
hornsbychemmartpharmacy;hornsbychemmartpharmacy;0;unknown;OtherBrand
i.shop.bargains.au;i.shop.bargains.au;0;unknown;OtherBrand
iloveclaytoncentralpharmacy;iloveclaytoncentralpharmacy;0;unknown;OtherBrand
imogenimogen_;imogenimogen_;0;unknown;JnJBrand
inglewoodamcalchemist;inglewoodamcalchemist;0;unknown;OtherBrand
inspire.share.create;inspire.share.create;0;unknown;OtherBrand
izzysmithh;izzysmithh;0;unknown;OtherBrand
jasminilic;jasminilic;0;unknown;OtherBrand
jeanyliong;jeanyliong;0;unknown;JnJBrand
jenuineblogger;jenuineblogger;0;unknown;OtherBrand
journeywithjezriel;journeywithjezriel;0;unknown;OtherBrand
jules.n.co;jules.n.co;0;unknown;OtherBrand
juliagreen_makeup;juliagreen_makeup;0;unknown;OtherBrand
katebollard;katebollard;0;unknown;OtherBrand
katelancaster;katelancaster;0;unknown;JnJBrand
katerinawilliamsxo;katerinawilliamsxo;0;unknown;JnJBrand
katrinaraftery;katrinaraftery;0;unknown;OtherBrand
kianabeautymelbourne;kianabeautymelbourne;0;unknown;OtherBrand
kirsten_lodge;kirsten_lodge;0;unknown;JnJBrand
kitschsnitch;kitschsnitch;0;unknown;OtherBrand
kmr.beaute;kmr.beaute;0;unknown;OtherBrand
kristinacc_beauty;kristinacc_beauty;0;unknown;OtherBrand
kristleclearmakeup;kristleclearmakeup;0;unknown;JnJBrand
kruebrands;kruebrands;0;unknown;OtherBrand
kwinana_marketplace;kwinana_marketplace;0;unknown;OtherBrand
labellaskincarecentre;labellaskincarecentre;0;unknown;OtherBrand
ladidabeautyco;ladidabeautyco;0;unknown;OtherBrand
larocheposayau;larocheposayau;0;unknown;OtherBrand
laserdermatology;laserdermatology;0;unknown;Professional
laserskincareaustralia;laserskincareaustralia;0;unknown;Professional
latonas_makeup;latonas_makeup;0;unknown;OtherBrand
laurenannaartistry;laurenannaartistry;0;unknown;OtherBrand
laurenkvickers;laurenkvickers;0;unknown;OtherBrand
le__f__o__x__mua;le__f__o__x__mua;0;unknown;OtherBrand
leannemcmahonbeautytherapy;leannemcmahonbeautytherapy;0;unknown;OtherBrand
lep.digital;lep.digital;0;unknown;Professional
letar.nara;letar.nara;0;unknown;OtherBrand
leticiadare;leticiadare;0;unknown;OtherBrand
lilianamua;lilianamua;0;unknown;OtherBrand
lillehoang;lillehoang;0;unknown;OtherBrand
lilynotlouise;lilynotlouise;0;unknown;OtherBrand
lindaqartistry;lindaqartistry;0;unknown;OtherBrand
lisa___harrison;lisa___harrison;0;unknown;OtherBrand
loadsoflifestyle;loadsoflifestyle;0;unknown;OtherBrand
lorealaustralia;lorealaustralia;0;unknown;OtherBrand
loreebloom;loreebloom;0;unknown;OtherBrand
love_bardon;love_bardon;0;unknown;OtherBrand
lovechloejane;lovechloejane;0;unknown;JnJBrand
lovelouisebeauty;lovelouisebeauty;0;unknown;OtherBrand
lover_ofbeauty;lover_ofbeauty;0;unknown;OtherBrand
lubzsays;lubzsays;0;unknown;OtherBrand
lucillemccart;lucillemccart;0;unknown;JnJBrand
lusciousbodybeautiful;lusciousbodybeautiful;0;unknown;OtherBrand
lushbeautysouthyarra;lushbeautysouthyarra;0;unknown;OtherBrand
macquariemedispa;macquariemedispa;0;unknown;OtherBrand
mahalaskinandbeauty;mahalaskinandbeauty;0;unknown;OtherBrand
makeupholicsdiary;makeupholicsdiary;0;unknown;OtherBrand
makeupwithpoppy;makeupwithpoppy;0;unknown;OtherBrand
marielou.makeup;marielou.makeup;0;unknown;OtherBrand
marisarobinson.mua;marisarobinson.mua;0;unknown;OtherBrand
maskandmane;maskandmane;0;unknown;OtherBrand
mbody_;mbody_;0;unknown;OtherBrand
melbourne.life.love.travel;melbourne.life.love.travel;0;unknown;OtherBrand
melt_beauty;melt_beauty;0;unknown;OtherBrand
mensbodyworks;mensbodyworks;0;unknown;OtherBrand
michellecoxmakeup;michellecoxmakeup;0;unknown;OtherBrand
minnee.me;minnee.me;0;unknown;OtherBrand
mint.esthetics;mint.esthetics;0;unknown;OtherBrand
mintandfizz;mintandfizz;0;unknown;OtherBrand
missannaqian;missannaqian;0;unknown;OtherBrand
misslifestyleaustralia;misslifestyleaustralia;0;unknown;JnJBrand
modernmakeupofficial;modernmakeupofficial;0;unknown;Professional
monicaplaza;monicaplaza;0;unknown;OtherBrand
mrkendenis;mrkendenis;0;unknown;JnJBrand
muradskincareaus;muradskincareaus;0;unknown;OtherBrand
musebeautycanberra;musebeautycanberra;0;unknown;OtherBrand
mylittlelovestoryblog;mylittlelovestoryblog;0;unknown;OtherBrand
myra.bash;myra.bash;0;unknown;OtherBrand
narissacullen_mua;narissacullen_mua;0;unknown;OtherBrand
naturalbeautycentre;naturalbeautycentre;0;unknown;OtherBrand
neutrogena_au;neutrogena_au;0;unknown;JnJBrand
nfogdenmoore;nfogdenmoore;0;unknown;OtherBrand
ninstrebor;ninstrebor;0;unknown;OtherBrand
niputuchandra;niputuchandra;0;unknown;OtherBrand
northcoastmedispa;northcoastmedispa;0;unknown;Professional
omorfibeauty;omorfibeauty;0;unknown;JnJBrand
onabeautybender;onabeautybender;0;unknown;OtherBrand
onashoppingdiet;onashoppingdiet;0;unknown;OtherBrand
onedaydreampr;onedaydreampr;0;unknown;OtherBrand
oohlalabeaute;oohlalabeaute;0;unknown;OtherBrand
orchiddayspa;orchiddayspa;0;unknown;OtherBrand
ozbeautyexpert;ozbeautyexpert;0;unknown;OtherBrand
pearsandpeaches;pearsandpeaches;0;unknown;OtherBrand
penelopemakeupart;penelopemakeupart;0;unknown;OtherBrand
pennyantuar;pennyantuar;0;unknown;OtherBrand
phoenixbeautytherapy;phoenixbeautytherapy;0;unknown;OtherBrand
planetbeautybalmain;planetbeautybalmain;0;unknown;OtherBrand
plmacarthurcentral;plmacarthurcentral;0;unknown;OtherBrand
prettywomanbeautyclinic;prettywomanbeautyclinic;0;unknown;OtherBrand
priceline_burpengary;priceline_burpengary;0;unknown;OtherBrand
priceline_jamesst;priceline_jamesst;0;unknown;OtherBrand
priceline_murwillumbah;priceline_murwillumbah;0;unknown;JnJBrand
priceline_oranamall;priceline_oranamall;0;unknown;OtherBrand
priceline_taree;priceline_taree;0;unknown;JnJBrand
priceline_underwood;priceline_underwood;0;unknown;JnJBrand
priceline_yamanto;priceline_yamanto;0;unknown;JnJBrand
pricelinearmadale;pricelinearmadale;0;unknown;OtherBrand
pricelinecarindale;pricelinecarindale;0;unknown;OtherBrand
pricelinepharmacy_chancellor;pricelinepharmacy_chancellor;0;unknown;OtherBrand
pricelinepharmacy_hydepark;pricelinepharmacy_hydepark;0;unknown;OtherBrand
pricelinepharmacycronulla;pricelinepharmacycronulla;0;unknown;JnJBrand
pricelinepharmacygateways;pricelinepharmacygateways;0;unknown;OtherBrand
pricelinepharmacyhamilton;pricelinepharmacyhamilton;0;unknown;OtherBrand
pricelinepharmacywoonona;pricelinepharmacywoonona;0;unknown;OtherBrand
pricelinequeenst;pricelinequeenst;0;unknown;OtherBrand
prismatic_;prismatic_;0;unknown;OtherBrand
proactivau;proactivau;0;unknown;OtherBrand
rachelmontgomerymakeup;rachelmontgomerymakeup;0;unknown;OtherBrand
rafflessydney;rafflessydney;0;unknown;OtherBrand
rakskinmakeup;rakskinmakeup;0;unknown;OtherBrand
reneesayed;reneesayed;0;unknown;OtherBrand
rosalindblog;rosalindblog;0;unknown;JnJBrand
rubisaurus;rubisaurus;0;unknown;OtherBrand
rubygolani;rubygolani;0;unknown;JnJBrand
rubymaemakeupdiary;rubymaemakeupdiary;0;unknown;OtherBrand
ry_brickworks;ry_brickworks;0;unknown;OtherBrand
ryanconduitphotography;ryanconduitphotography;0;unknown;OtherBrand
sallyjb83;sallyjb83;0;unknown;OtherBrand
sals19007;sals19007;0;unknown;OtherBrand
sarahhumphriesagency;sarahhumphriesagency;0;unknown;OtherBrand
secretretreatrosebay;secretretreatrosebay;0;unknown;OtherBrand
selfieswithstrangersau;selfieswithstrangersau;0;unknown;OtherBrand
sereniti.on.barkly;sereniti.on.barkly;0;unknown;OtherBrand
shannon_gibb;shannon_gibb;0;unknown;OtherBrand
shantzki;shantzki;0;unknown;JnJBrand
shazroseto;shazroseto;0;unknown;OtherBrand
shellarubymartin;shellarubymartin;0;unknown;OtherBrand
shonaghwalker;shonaghwalker;0;unknown;OtherBrand
sigourneycantelo;sigourneycantelo;0;unknown;OtherBrand
silkythakur;silkythakur;0;unknown;OtherBrand
simpleskincareau;simpleskincareau;0;unknown;OtherBrand
simplesocialsister;simplesocialsister;0;unknown;OtherBrand
sinclairdermatology;sinclairdermatology;0;unknown;Professional
skinandbeautysuite;skinandbeautysuite;0;unknown;OtherBrand
skinceuticalsau;skinceuticalsau;0;unknown;OtherBrand
skindepthdermatology;skindepthdermatology;0;unknown;Professional
skinlounge_;skinlounge_;0;unknown;OtherBrand
skintritionspa;skintritionspa;0;unknown;OtherBrand
sofiaadot;sofiaadot;0;unknown;OtherBrand
soho_skincare;soho_skincare;0;unknown;OtherBrand
soulandsparkleofficial;soulandsparkleofficial;0;unknown;OtherBrand
southcoast_facialist;southcoast_facialist;0;unknown;OtherBrand
springspaburleigh;springspaburleigh;0;unknown;OtherBrand
ssaallyyaannee;ssaallyyaannee;0;unknown;OtherBrand
st.kristal;st.kristal;0;unknown;OtherBrand
stephaniemaii_x;stephaniemaii_x;0;unknown;JnJBrand
stephanieyeatesmakeup;stephanieyeatesmakeup;0;unknown;OtherBrand
stephloujones;stephloujones;0;unknown;OtherBrand
stephrsparks;stephrsparks;0;unknown;OtherBrand
styleguy.tv;styleguy.tv;0;unknown;OtherBrand
sydney.makeup.artist;sydney.makeup.artist;0;unknown;OtherBrand
tahanalee;tahanalee;0;unknown;JnJBrand
tahneeandersonmua;tahneeandersonmua;0;unknown;OtherBrand
teacupofmakeup;teacupofmakeup;0;unknown;OtherBrand
teaganjanehmua;teaganjanehmua;0;unknown;OtherBrand
templestowebeautyretreat;templestowebeautyretreat;0;unknown;OtherBrand
terrywhitechemmartclare;terrywhitechemmartclare;0;unknown;OtherBrand
thatbloggerjade;thatbloggerjade;0;unknown;OtherBrand
the.life.of.laura;the.life.of.laura;0;unknown;OtherBrand
thebeautyandthegeekau;thebeautyandthegeekau;0;unknown;OtherBrand
thebeautylst;thebeautylst;0;unknown;OtherBrand
thebeautyroommosmananddarlo;thebeautyroommosmananddarlo;0;unknown;OtherBrand
thebridalmakeupartist;thebridalmakeupartist;0;unknown;OtherBrand
thecuttingedgebrunswick;thecuttingedgebrunswick;0;unknown;OtherBrand
theglowmanifesto;theglowmanifesto;0;unknown;OtherBrand
thehanihanii;thehanihanii;0;unknown;OtherBrand
thehealthygp;thehealthygp;0;unknown;Professional
theknightly;theknightly;0;unknown;OtherBrand
themakeup_one;themakeup_one;0;unknown;JnJBrand
theora_skye;theora_skye;0;unknown;OtherBrand
thepaddingtonbeautyroom;thepaddingtonbeautyroom;0;unknown;OtherBrand
theskincareobsessive;theskincareobsessive;0;unknown;JnJBrand
thesundaychapter;thesundaychapter;0;unknown;OtherBrand
thesweeteventcupcakes;thesweeteventcupcakes;0;unknown;OtherBrand
thirtyoddblondes;thirtyoddblondes;0;unknown;OtherBrand
tiffanylovemua;tiffanylovemua;0;unknown;OtherBrand
toowongdiscountdrugstore;toowongdiscountdrugstore;0;unknown;OtherBrand
touchofbeautysa;touchofbeautysa;0;unknown;OtherBrand
traceynmakeupandmore;traceynmakeupandmore;0;unknown;OtherBrand
tradingfaces412a;tradingfaces412a;0;unknown;OtherBrand
tranquility_skin;tranquility_skin;0;unknown;OtherBrand
trishsousamua;trishsousamua;0;unknown;OtherBrand
tsou1991;tsou1991;0;unknown;OtherBrand
ultimatecare;ultimatecare;0;unknown;OtherBrand
ultraformeraustralia;ultraformeraustralia;0;unknown;Professional
vanessasuzette_makeup;vanessasuzette_makeup;0;unknown;OtherBrand
vaselineau;vaselineau;0;unknown;OtherBrand
vbeautyvt;vbeautyvt;0;unknown;OtherBrand
venus_dayspa;venus_dayspa;0;unknown;OtherBrand
victorias_beautyedit;victorias_beautyedit;0;unknown;JnJBrand
vocta;vocta;0;unknown;OtherBrand
vyvebodyandskin;vyvebodyandskin;0;unknown;OtherBrand
waxandpolish;waxandpolish;0;unknown;OtherBrand
whites_dispensary;whites_dispensary;0;unknown;OtherBrand
yannny;yannny;0;unknown;OtherBrand
youngspharmacyrozelle;youngspharmacyrozelle;0;unknown;OtherBrand
zendayspa_sydney;zendayspa_sydney;0;unknown;OtherBrand
zoe___c;zoe___c;0;unknown;JnJBrand
