Id;Label;Followers;Gender;BrandSource
5thofakind;5thofakind;0;unknown;OtherBrand
_april_loves_;_april_loves_;0;unknown;OtherBrand
_dianascutelnicu_;_dianascutelnicu_;0;unknown;OtherBrand
_glam_girls__;_glam_girls__;0;unknown;OtherBrand
_im_just_that_guy_____;_im_just_that_guy_____;0;unknown;OtherBrand
_katemay_;_katemay_;0;unknown;OtherBrand
_kirstywelsh;_kirstywelsh;0;unknown;OtherBrand
_kkulture;_kkulture;0;unknown;OtherBrand
_leahjaynemua_;_leahjaynemua_;0;unknown;OtherBrand
_lizzie_louise;_lizzie_louise;0;unknown;OtherBrand
_thecurlyproject;_thecurlyproject;0;unknown;OtherBrand
a_littleobsessed;a_littleobsessed;0;unknown;OtherBrand
abbicuth;abbicuth;0;unknown;Professional
abigailjames1;abigailjames1;0;unknown;OtherBrand
abigailroyston;abigailroyston;0;unknown;JnJBrand
abiquickmakeup;abiquickmakeup;0;unknown;OtherBrand
ablushofrose;ablushofrose;0;unknown;OtherBrand
adna_cristina;adna_cristina;0;unknown;OtherBrand
aesthetichealthleeds;aesthetichealthleeds;0;unknown;OtherBrand
aggiewo;aggiewo;0;unknown;OtherBrand
alexanatashaa;alexanatashaa;0;unknown;Professional
alexsteinherr;alexsteinherr;0;unknown;OtherBrand
alicehartdavis;alicehartdavis;0;unknown;OtherBrand
alicewestwell;alicewestwell;0;unknown;OtherBrand
alittlebitme236;alittlebitme236;0;unknown;OtherBrand
all_or_nothingblog;all_or_nothingblog;0;unknown;OtherBrand
allenna_nicola;allenna_nicola;0;unknown;OtherBrand
allforlovelondon;allforlovelondon;0;unknown;OtherBrand
allylowe99;allylowe99;0;unknown;OtherBrand
alwaysuniqueneverordinaryblog;alwaysuniqueneverordinaryblog;0;unknown;OtherBrand
amaraspafulham;amaraspafulham;0;unknown;OtherBrand
amodelmoment;amodelmoment;0;unknown;OtherBrand
amothersedit;amothersedit;0;unknown;JnJBrand
anamaddock;anamaddock;0;unknown;JnJBrand
angelyns_things;angelyns_things;0;unknown;OtherBrand
anjalimahto;anjalimahto;0;unknown;Professional
annacashmakeup;annacashmakeup;0;unknown;OtherBrand
annaelerihart;annaelerihart;0;unknown;OtherBrand
aroystone;aroystone;0;unknown;OtherBrand
aspiringlondoner;aspiringlondoner;0;unknown;OtherBrand
aspronnie;aspronnie;0;unknown;OtherBrand
auranails_beauty;auranails_beauty;0;unknown;OtherBrand
authenticallyella;authenticallyella;0;unknown;OtherBrand
avalanchemediastudios;avalanchemediastudios;0;unknown;OtherBrand
aveenouk;aveenouk;0;unknown;JnJBrand
avene_uki;avene_uki;0;unknown;OtherBrand
bakerstfilmclub;bakerstfilmclub;0;unknown;OtherBrand
bandhtriathlon;bandhtriathlon;0;unknown;OtherBrand
bbrownsalon;bbrownsalon;0;unknown;OtherBrand
beastmediauk;beastmediauk;0;unknown;Professional
beaussima;beaussima;0;unknown;OtherBrand
beaut_chic;beaut_chic;0;unknown;OtherBrand
beautii.co;beautii.co;0;unknown;JnJBrand
beautique_beauty_uk;beautique_beauty_uk;0;unknown;OtherBrand
beauty_by_charlee;beauty_by_charlee;0;unknown;OtherBrand
beautyandshineclinic;beautyandshineclinic;0;unknown;OtherBrand
beautybemineuk;beautybemineuk;0;unknown;OtherBrand
beautybytahirauk;beautybytahirauk;0;unknown;OtherBrand
beautygallerylavenham;beautygallerylavenham;0;unknown;OtherBrand
beautylounge105;beautylounge105;0;unknown;OtherBrand
beautyrocksblog;beautyrocksblog;0;unknown;JnJBrand
becca_official;becca_official;0;unknown;OtherBrand
beccabrownmakeupartist;beccabrownmakeupartist;0;unknown;OtherBrand
beccamakeuplondon;beccamakeuplondon;0;unknown;OtherBrand
beckimurray_;beckimurray_;0;unknown;OtherBrand
beckyplusbella;beckyplusbella;0;unknown;OtherBrand
beechjill;beechjill;0;unknown;OtherBrand
bellabeauty_shinfield;bellabeauty_shinfield;0;unknown;OtherBrand
belle_allure_beauty;belle_allure_beauty;0;unknown;OtherBrand
belleblackley;belleblackley;0;unknown;OtherBrand
bethanvictoriamakeupartist;bethanvictoriamakeupartist;0;unknown;OtherBrand
beyondbeautybirmingham;beyondbeautybirmingham;0;unknown;OtherBrand
beyondmedispa;beyondmedispa;0;unknown;Professional
biodermauk;biodermauk;0;unknown;OtherBrand
blackbeautyandfashionawards;blackbeautyandfashionawards;0;unknown;OtherBrand
blairsinclairpharma;blairsinclairpharma;0;unknown;Professional
blessedbeauty_nel;blessedbeauty_nel;0;unknown;OtherBrand
blogmebeautiful;blogmebeautiful;0;unknown;OtherBrand
blushlondon;blushlondon;0;unknown;JnJBrand
bobbys_tats;bobbys_tats;0;unknown;Professional
bodylinesbeautysalonipswich;bodylinesbeautysalonipswich;0;unknown;OtherBrand
bodysensebeautysalon;bodysensebeautysalon;0;unknown;OtherBrand
boon_michelle;boon_michelle;0;unknown;OtherBrand
bosshairstudio;bosshairstudio;0;unknown;OtherBrand
boudoirparlour;boudoirparlour;0;unknown;OtherBrand
boxnip;boxnip;0;unknown;OtherBrand
breastfeedingaversion;breastfeedingaversion;0;unknown;OtherBrand
bright__mama;bright__mama;0;unknown;OtherBrand
bronwynelizabethmurray;bronwynelizabethmurray;0;unknown;OtherBrand
brownbeautytalk;brownbeautytalk;0;unknown;OtherBrand
brownshairsalon;brownshairsalon;0;unknown;OtherBrand
brunchgrind;brunchgrind;0;unknown;OtherBrand
cadoganclinic;cadoganclinic;0;unknown;Professional
callysquires;callysquires;0;unknown;OtherBrand
carenpiscina;carenpiscina;0;unknown;OtherBrand
carleighrobb;carleighrobb;0;unknown;OtherBrand
carofindo;carofindo;0;unknown;OtherBrand
caroliinaneerotofficial;caroliinaneerotofficial;0;unknown;OtherBrand
carolina_edit;carolina_edit;0;unknown;OtherBrand
carolinehirons;carolinehirons;0;unknown;OtherBrand
charlotte.wallis.10;charlotte.wallis.10;0;unknown;OtherBrand
charlotte_philby;charlotte_philby;0;unknown;JnJBrand
charlotte_skinc;charlotte_skinc;0;unknown;OtherBrand
charlotte_skinceuticals;charlotte_skinceuticals;0;unknown;OtherBrand
charlotteafclark;charlotteafclark;0;unknown;OtherBrand
chase_pr;chase_pr;0;unknown;OtherBrand
cherryduckstudios;cherryduckstudios;0;unknown;OtherBrand
cherylhugginsmua;cherylhugginsmua;0;unknown;OtherBrand
chiaradotolivia;chiaradotolivia;0;unknown;OtherBrand
chloe_simone_mua;chloe_simone_mua;0;unknown;OtherBrand
cine.pix;cine.pix;0;unknown;OtherBrand
cityskinclinic;cityskinclinic;0;unknown;JnJBrand
cjbeautyskipton;cjbeautyskipton;0;unknown;OtherBrand
claire_loves_beauty_harlow;claire_loves_beauty_harlow;0;unknown;OtherBrand
clairemenaryphotography;clairemenaryphotography;0;unknown;OtherBrand
clairerosa90;clairerosa90;0;unknown;OtherBrand
clarelouise08;clarelouise08;0;unknown;OtherBrand
clemmie_telford;clemmie_telford;0;unknown;Professional
cocobeachsalon;cocobeachsalon;0;unknown;OtherBrand
collectivetwo;collectivetwo;0;unknown;JnJBrand
corblimeyyoubeauty;corblimeyyoubeauty;0;unknown;OtherBrand
cotswoldfacialist;cotswoldfacialist;0;unknown;OtherBrand
cpmedicalclinic;cpmedicalclinic;0;unknown;OtherBrand
creativitybeautysolutions;creativitybeautysolutions;0;unknown;OtherBrand
crueltyfreestylebybree;crueltyfreestylebybree;0;unknown;OtherBrand
curiousprods;curiousprods;0;unknown;OtherBrand
curlyhairdiscoveries;curlyhairdiscoveries;0;unknown;OtherBrand
cwbeautyandskincare;cwbeautyandskincare;0;unknown;OtherBrand
dailycupofgin;dailycupofgin;0;unknown;OtherBrand
dailymailfashion;dailymailfashion;0;unknown;OtherBrand
daisyjaneridley;daisyjaneridley;0;unknown;OtherBrand
dani_dutra;dani_dutra;0;unknown;OtherBrand
daniellevanier;daniellevanier;0;unknown;JnJBrand
danielwfletcher;danielwfletcher;0;unknown;OtherBrand
dannydefreitas;dannydefreitas;0;unknown;OtherBrand
ddtemple;ddtemple;0;unknown;OtherBrand
de.la.gold;de.la.gold;0;unknown;OtherBrand
dee.mahar;dee.mahar;0;unknown;OtherBrand
definitionshairbeautyhailsham;definitionshairbeautyhailsham;0;unknown;OtherBrand
denajaynee;denajaynee;0;unknown;OtherBrand
deniveganfitness;deniveganfitness;0;unknown;OtherBrand
dermalogica_fenwickcolchester;dermalogica_fenwickcolchester;0;unknown;OtherBrand
dermalogicauk;dermalogicauk;0;unknown;OtherBrand
desivalentineuk;desivalentineuk;0;unknown;JnJBrand
doctify;doctify;0;unknown;Professional
doctoramiee;doctoramiee;0;unknown;JnJBrand
donnanobleyoga;donnanobleyoga;0;unknown;OtherBrand
donnaredd;donnaredd;0;unknown;OtherBrand
dowalwalkerpr;dowalwalkerpr;0;unknown;OtherBrand
dr.xavier.clinic;dr.xavier.clinic;0;unknown;Professional
dr_laurencara;dr_laurencara;0;unknown;OtherBrand
dr_leah_clinics;dr_leah_clinics;0;unknown;Professional
draesthetica;draesthetica;0;unknown;OtherBrand
drannahemming;drannahemming;0;unknown;JnJBrand
drjulie83;drjulie83;0;unknown;OtherBrand
drjustinekluk;drjustinekluk;0;unknown;Professional
drleahtotton;drleahtotton;0;unknown;Professional
dropdeadgorgeousbeautysalon;dropdeadgorgeousbeautysalon;0;unknown;OtherBrand
drsambunting;drsambunting;0;unknown;Professional
ebonykirlew;ebonykirlew;0;unknown;JnJBrand
ebwpr;ebwpr;0;unknown;Professional
ecwesthead;ecwesthead;0;unknown;Professional
edinburghgossipgirls;edinburghgossipgirls;0;unknown;OtherBrand
edwinaingschambers;edwinaingschambers;0;unknown;OtherBrand
elajecambridge;elajecambridge;0;unknown;OtherBrand
elinakaln;elinakaln;0;unknown;OtherBrand
eliot_sargeant;eliot_sargeant;0;unknown;OtherBrand
ellehitchensmakeup;ellehitchensmakeup;0;unknown;OtherBrand
elysianskinhampshire;elysianskinhampshire;0;unknown;JnJBrand
emeliestenman;emeliestenman;0;unknown;OtherBrand
emilykatevb;emilykatevb;0;unknown;JnJBrand
emilyshopped;emilyshopped;0;unknown;OtherBrand
emma_at_vanity;emma_at_vanity;0;unknown;OtherBrand
emmabell42;emmabell42;0;unknown;OtherBrand
emmaguns;emmaguns;0;unknown;OtherBrand
emmahoareau;emmahoareau;0;unknown;OtherBrand
emporiumtreatmentclinic;emporiumtreatmentclinic;0;unknown;OtherBrand
enhance_beauty_rooms;enhance_beauty_rooms;0;unknown;OtherBrand
erika_mackey;erika_mackey;0;unknown;OtherBrand
essentially_group;essentially_group;0;unknown;OtherBrand
essexgrlbeauty;essexgrlbeauty;0;unknown;OtherBrand
estadaisydinnis;estadaisydinnis;0;unknown;OtherBrand
evglamazon;evglamazon;0;unknown;OtherBrand
evies_makeup;evies_makeup;0;unknown;OtherBrand
fabbeautytr;fabbeautytr;0;unknown;OtherBrand
fabledbeautyco;fabledbeautyco;0;unknown;OtherBrand
faciallyaware;faciallyaware;0;unknown;OtherBrand
famidamua;famidamua;0;unknown;OtherBrand
fashionfoiegras;fashionfoiegras;0;unknown;JnJBrand
fashstyleliv;fashstyleliv;0;unknown;OtherBrand
fayallforlovelondon;fayallforlovelondon;0;unknown;OtherBrand
featuresskincare;featuresskincare;0;unknown;OtherBrand
fenwick_tunbridgewells;fenwick_tunbridgewells;0;unknown;OtherBrand
fenwickcolchester;fenwickcolchester;0;unknown;OtherBrand
filorga_uk;filorga_uk;0;unknown;Professional
finlay_fox;finlay_fox;0;unknown;OtherBrand
fl0ssey;fl0ssey;0;unknown;JnJBrand
flashmatuk;flashmatuk;0;unknown;JnJBrand
fleurdelondresblog;fleurdelondresblog;0;unknown;JnJBrand
florriewhitemakeup;florriewhitemakeup;0;unknown;OtherBrand
fontanabeauty;fontanabeauty;0;unknown;OtherBrand
fortyfortybaby;fortyfortybaby;0;unknown;OtherBrand
fq_mua;fq_mua;0;unknown;OtherBrand
frances_owen;frances_owen;0;unknown;OtherBrand
fredbutlerstyle;fredbutlerstyle;0;unknown;OtherBrand
freet3za;freet3za;0;unknown;OtherBrand
funthymefood;funthymefood;0;unknown;OtherBrand
gemrosehair;gemrosehair;0;unknown;OtherBrand
georginastokes;georginastokes;0;unknown;OtherBrand
gettinglostin;gettinglostin;0;unknown;JnJBrand
gillyferg;gillyferg;0;unknown;OtherBrand
glamcampos;glamcampos;0;unknown;OtherBrand
globalbabeofficial;globalbabeofficial;0;unknown;Professional
groomingguy;groomingguy;0;unknown;OtherBrand
grwrady;grwrady;0;unknown;OtherBrand
gwichgirl;gwichgirl;0;unknown;JnJBrand
h.a.p.p.i.n.e.s.s.is;h.a.p.p.i.n.e.s.s.is;0;unknown;OtherBrand
habakerphotographic;habakerphotographic;0;unknown;OtherBrand
half2littlebakers;half2littlebakers;0;unknown;OtherBrand
hamlettsofwoodford;hamlettsofwoodford;0;unknown;OtherBrand
hannahvankoppenhagen;hannahvankoppenhagen;0;unknown;OtherBrand
harrietthastieuk;harrietthastieuk;0;unknown;OtherBrand
harripom;harripom;0;unknown;OtherBrand
harrogatemama;harrogatemama;0;unknown;OtherBrand
harveynichols;harveynichols;0;unknown;OtherBrand
hdglobetrotting;hdglobetrotting;0;unknown;OtherBrand
helenasusanberry;helenasusanberry;0;unknown;OtherBrand
helenwrites;helenwrites;0;unknown;JnJBrand
herbsandherbs;herbsandherbs;0;unknown;OtherBrand
heritagebeautyandwellbeing;heritagebeautyandwellbeing;0;unknown;OtherBrand
hmu_atelier;hmu_atelier;0;unknown;OtherBrand
hofitgolanofficial;hofitgolanofficial;0;unknown;OtherBrand
honestfavorites;honestfavorites;0;unknown;OtherBrand
honestlygorgeous_;honestlygorgeous_;0;unknown;JnJBrand
houseofglamdolls;houseofglamdolls;0;unknown;OtherBrand
hungermama;hungermama;0;unknown;OtherBrand
hushhitchin;hushhitchin;0;unknown;OtherBrand
i_am_ellencoughlan;i_am_ellencoughlan;0;unknown;OtherBrand
iamboujiinlondon;iamboujiinlondon;0;unknown;JnJBrand
iamparisedwards;iamparisedwards;0;unknown;OtherBrand
iamzahra;iamzahra;0;unknown;OtherBrand
idyllicbeautyspa;idyllicbeautyspa;0;unknown;OtherBrand
ilonapro_mua;ilonapro_mua;0;unknown;OtherBrand
imaginationpr;imaginationpr;0;unknown;OtherBrand
innaspa_cambridge;innaspa_cambridge;0;unknown;OtherBrand
innerbeautybynatalie;innerbeautybynatalie;0;unknown;OtherBrand
into.trends;into.trends;0;unknown;OtherBrand
intutraffordcentre;intutraffordcentre;0;unknown;OtherBrand
irenadworld;irenadworld;0;unknown;OtherBrand
isabelladlawrence;isabelladlawrence;0;unknown;OtherBrand
ishaviya;ishaviya;0;unknown;OtherBrand
itsniamhg_;itsniamhg_;0;unknown;OtherBrand
iulianamariana;iulianamariana;0;unknown;OtherBrand
j.spa;j.spa;0;unknown;OtherBrand
jadefarmiloemua;jadefarmiloemua;0;unknown;OtherBrand
jamesharknettofficial;jamesharknettofficial;0;unknown;OtherBrand
janetslist;janetslist;0;unknown;OtherBrand
jaybayeboudoir;jaybayeboudoir;0;unknown;OtherBrand
jazmcrae;jazmcrae;0;unknown;OtherBrand
jeanettevuong;jeanettevuong;0;unknown;OtherBrand
jen.loves.life;jen.loves.life;0;unknown;OtherBrand
jesschamilton;jesschamilton;0;unknown;OtherBrand
jessica_ogden;jessica_ogden;0;unknown;OtherBrand
jessicakmakeup;jessicakmakeup;0;unknown;OtherBrand
jesslawson27;jesslawson27;0;unknown;JnJBrand
jeyanney;jeyanney;0;unknown;OtherBrand
jjstudios;jjstudios;0;unknown;OtherBrand
joannevcoleman;joannevcoleman;0;unknown;OtherBrand
jodiehyams;jodiehyams;0;unknown;OtherBrand
jodiespragg;jodiespragg;0;unknown;OtherBrand
joeytamburello;joeytamburello;0;unknown;OtherBrand
jojofine01;jojofine01;0;unknown;OtherBrand
josefineeklund_;josefineeklund_;0;unknown;JnJBrand
josephinebelleuk;josephinebelleuk;0;unknown;OtherBrand
jsnutritionandwellness;jsnutritionandwellness;0;unknown;OtherBrand
judyjourno;judyjourno;0;unknown;OtherBrand
julessocial;julessocial;0;unknown;OtherBrand
julia_wilson_makeup;julia_wilson_makeup;0;unknown;OtherBrand
juliamidwinter;juliamidwinter;0;unknown;OtherBrand
juliemayaud;juliemayaud;0;unknown;OtherBrand
justinejenkins;justinejenkins;0;unknown;OtherBrand
justinelouisebeautyaesthetics;justinelouisebeautyaesthetics;0;unknown;OtherBrand
justskai;justskai;0;unknown;OtherBrand
justyna.ziemlanska;justyna.ziemlanska;0;unknown;OtherBrand
justynammg;justynammg;0;unknown;Professional
katekerrlondon_facialist;katekerrlondon_facialist;0;unknown;OtherBrand
katherine_sherwin;katherine_sherwin;0;unknown;OtherBrand
katieha11;katieha11;0;unknown;OtherBrand
katiemcdeer;katiemcdeer;0;unknown;JnJBrand
katknix;katknix;0;unknown;OtherBrand
katybuxtonflp;katybuxtonflp;0;unknown;OtherBrand
katytims;katytims;0;unknown;OtherBrand
kavitaoberoiobe;kavitaoberoiobe;0;unknown;Professional
kaykay__x;kaykay__x;0;unknown;OtherBrand
keepemquiet;keepemquiet;0;unknown;OtherBrand
keke_train_n_bake;keke_train_n_bake;0;unknown;OtherBrand
kellygreene90;kellygreene90;0;unknown;OtherBrand
kendrickpr_uk;kendrickpr_uk;0;unknown;Professional
kennethsohmakeup;kennethsohmakeup;0;unknown;OtherBrand
kenziaabigail;kenziaabigail;0;unknown;JnJBrand
kimberley0689;kimberley0689;0;unknown;Professional
kirstiie_13;kirstiie_13;0;unknown;OtherBrand
kizzywick;kizzywick;0;unknown;OtherBrand
klaudiacloud;klaudiacloud;0;unknown;OtherBrand
kolabeauty;kolabeauty;0;unknown;OtherBrand
kot.mao;kot.mao;0;unknown;OtherBrand
krista_madden;krista_madden;0;unknown;OtherBrand
lailaloves;lailaloves;0;unknown;OtherBrand
landyschemist;landyschemist;0;unknown;OtherBrand
larocheposayuki;larocheposayuki;0;unknown;OtherBrand
laserandskinclinics;laserandskinclinics;0;unknown;JnJBrand
laserdermclinic;laserdermclinic;0;unknown;OtherBrand
laura_benedicic;laura_benedicic;0;unknown;OtherBrand
laurahardcastle;laurahardcastle;0;unknown;OtherBrand
lauraloumakeup;lauraloumakeup;0;unknown;OtherBrand
lauramulley;lauramulley;0;unknown;OtherBrand
laurenalexandramua_;laurenalexandramua_;0;unknown;OtherBrand
laurenpnaylor;laurenpnaylor;0;unknown;OtherBrand
lawsonmakeup;lawsonmakeup;0;unknown;OtherBrand
ldnmakeupschool;ldnmakeupschool;0;unknown;OtherBrand
leahdurrantbeautyretreat;leahdurrantbeautyretreat;0;unknown;OtherBrand
leahfhardy;leahfhardy;0;unknown;OtherBrand
leahsbeautyandmakeup;leahsbeautyandmakeup;0;unknown;OtherBrand
leannebayley;leannebayley;0;unknown;OtherBrand
leannebrookesuk;leannebrookesuk;0;unknown;OtherBrand
leannetempletonbeauty;leannetempletonbeauty;0;unknown;OtherBrand
leonorabryan;leonorabryan;0;unknown;OtherBrand
lifeandsoullifestyle;lifeandsoullifestyle;0;unknown;JnJBrand
lillysabri;lillysabri;0;unknown;OtherBrand
lindseylondonmumma;lindseylondonmumma;0;unknown;OtherBrand
lisabalcombe1;lisabalcombe1;0;unknown;OtherBrand
liv_dem;liv_dem;0;unknown;OtherBrand
lobellaloves;lobellaloves;0;unknown;OtherBrand
londonbeautyinsider;londonbeautyinsider;0;unknown;OtherBrand
londonmeetscotswolds;londonmeetscotswolds;0;unknown;OtherBrand
loralai_;loralai_;0;unknown;OtherBrand
lorasphotos;lorasphotos;0;unknown;OtherBrand
lorealtalentuki;lorealtalentuki;0;unknown;OtherBrand
louiseemmac;louiseemmac;0;unknown;Professional
lrbeauti;lrbeauti;0;unknown;OtherBrand
lsboudoir1;lsboudoir1;0;unknown;OtherBrand
lucillasc;lucillasc;0;unknown;OtherBrand
madcatfashion;madcatfashion;0;unknown;OtherBrand
makeup_by_ez;makeup_by_ez;0;unknown;OtherBrand
makeupby.lyssa;makeupby.lyssa;0;unknown;OtherBrand
makeupbyerin_c;makeupbyerin_c;0;unknown;OtherBrand
makeupbyjojofine01;makeupbyjojofine01;0;unknown;OtherBrand
makeupbylaurenw;makeupbylaurenw;0;unknown;OtherBrand
makeupbymikey;makeupbymikey;0;unknown;OtherBrand
mama_says_blog;mama_says_blog;0;unknown;OtherBrand
mamadukeblog;mamadukeblog;0;unknown;OtherBrand
manhas_beauty_studio;manhas_beauty_studio;0;unknown;OtherBrand
mantelpiece_pr;mantelpiece_pr;0;unknown;Professional
mariaklimczuk;mariaklimczuk;0;unknown;OtherBrand
marieclaireuk;marieclaireuk;0;unknown;JnJBrand
medelynfriscilla;medelynfriscilla;0;unknown;OtherBrand
melbrogy;melbrogy;0;unknown;OtherBrand
melkmakeup;melkmakeup;0;unknown;OtherBrand
mellymihaylova;mellymihaylova;0;unknown;OtherBrand
mikestonephotographer;mikestonephotographer;0;unknown;OtherBrand
millieclinton;millieclinton;0;unknown;OtherBrand
milliesleeds;milliesleeds;0;unknown;OtherBrand
millybrushett;millybrushett;0;unknown;OtherBrand
mindthebeauty;mindthebeauty;0;unknown;OtherBrand
minishak27;minishak27;0;unknown;OtherBrand
miramakeup;miramakeup;0;unknown;OtherBrand
missamyelinor;missamyelinor;0;unknown;OtherBrand
missmary_sw;missmary_sw;0;unknown;OtherBrand
missvbaker;missvbaker;0;unknown;OtherBrand
misszoeshaw;misszoeshaw;0;unknown;OtherBrand
moorespharmacy;moorespharmacy;0;unknown;OtherBrand
mre.soeur;mre.soeur;0;unknown;OtherBrand
mrlukechristian;mrlukechristian;0;unknown;OtherBrand
ms_tantrum;ms_tantrum;0;unknown;OtherBrand
mssarah_parker;mssarah_parker;0;unknown;OtherBrand
muradskincareuk;muradskincareuk;0;unknown;OtherBrand
my_so_kohld_life;my_so_kohld_life;0;unknown;OtherBrand
my_teenskin;my_teenskin;0;unknown;OtherBrand
n4mummy;n4mummy;0;unknown;JnJBrand
nailtheday;nailtheday;0;unknown;OtherBrand
narimanmakeup;narimanmakeup;0;unknown;Professional
natalie_willetts;natalie_willetts;0;unknown;OtherBrand
natashattodd;natashattodd;0;unknown;OtherBrand
neostratauk;neostratauk;0;unknown;JnJBrand
nesreenyy;nesreenyy;0;unknown;OtherBrand
neutrogenauk;neutrogenauk;0;unknown;JnJBrand
new_you_clinic_ipswich;new_you_clinic_ipswich;0;unknown;Professional
nicola_atserenitybeautysalon;nicola_atserenitybeautysalon;0;unknown;OtherBrand
nicolelinn__;nicolelinn__;0;unknown;OtherBrand
nikkitippingmua;nikkitippingmua;0;unknown;OtherBrand
nikofthenoodle;nikofthenoodle;0;unknown;JnJBrand
njmhair;njmhair;0;unknown;OtherBrand
no.1beautybham;no.1beautybham;0;unknown;OtherBrand
nora_elias12;nora_elias12;0;unknown;OtherBrand
ohmy_coleraine;ohmy_coleraine;0;unknown;OtherBrand
ohsojack_;ohsojack_;0;unknown;OtherBrand
olayuk;olayuk;0;unknown;OtherBrand
oliviadecourcybeauty;oliviadecourcybeauty;0;unknown;OtherBrand
omniacademyofbeauty;omniacademyofbeauty;0;unknown;OtherBrand
ondolady;ondolady;0;unknown;OtherBrand
onenewchange;onenewchange;0;unknown;OtherBrand
orchidsretreat;orchidsretreat;0;unknown;OtherBrand
paigealearose;paigealearose;0;unknown;OtherBrand
parentapparel;parentapparel;0;unknown;OtherBrand
paritakansagra;paritakansagra;0;unknown;OtherBrand
payalmanohar;payalmanohar;0;unknown;OtherBrand
pebbleshairandbeauty;pebbleshairandbeauty;0;unknown;OtherBrand
pelleaesthetics;pelleaesthetics;0;unknown;JnJBrand
perfectcartel;perfectcartel;0;unknown;OtherBrand
phoebe.gormley;phoebe.gormley;0;unknown;JnJBrand
phoebecleghorn;phoebecleghorn;0;unknown;OtherBrand
phoenix4eva;phoenix4eva;0;unknown;OtherBrand
pinkjulep;pinkjulep;0;unknown;OtherBrand
pissonplastic;pissonplastic;0;unknown;OtherBrand
portmansonline;portmansonline;0;unknown;OtherBrand
proactiv_uk;proactiv_uk;0;unknown;OtherBrand
puritybridge;puritybridge;0;unknown;JnJBrand
quanspakensington;quanspakensington;0;unknown;OtherBrand
queensofhackney;queensofhackney;0;unknown;OtherBrand
quinnclinics;quinnclinics;0;unknown;JnJBrand
rachael_lashes_brows;rachael_lashes_brows;0;unknown;OtherBrand
rachelhunterbeautyclinic;rachelhunterbeautyclinic;0;unknown;OtherBrand
rainbow.chard;rainbow.chard;0;unknown;OtherBrand
rank_inbox;rank_inbox;0;unknown;OtherBrand
rapunzels_hair_beauty;rapunzels_hair_beauty;0;unknown;OtherBrand
reactfitnessteam;reactfitnessteam;0;unknown;Professional
rebeccabjourno;rebeccabjourno;0;unknown;OtherBrand
rebeccaxnewman;rebeccaxnewman;0;unknown;JnJBrand
revivalretreat;revivalretreat;0;unknown;OtherBrand
ritchiemakeup;ritchiemakeup;0;unknown;OtherBrand
ro_sheen;ro_sheen;0;unknown;OtherBrand
rodingsbeautyroomm;rodingsbeautyroomm;0;unknown;OtherBrand
ruaakaseki;ruaakaseki;0;unknown;JnJBrand
rubyhammer;rubyhammer;0;unknown;OtherBrand
ruifaria_;ruifaria_;0;unknown;OtherBrand
rushandteal;rushandteal;0;unknown;JnJBrand
samjaynemobile;samjaynemobile;0;unknown;Overlap
sandywood_hair;sandywood_hair;0;unknown;Professional
sarah.beautyhighcliffe;sarah.beautyhighcliffe;0;unknown;OtherBrand
sarahholian64;sarahholian64;0;unknown;OtherBrand
sarahjmaa;sarahjmaa;0;unknown;JnJBrand
sarahmurraybeauty;sarahmurraybeauty;0;unknown;OtherBrand
sashabrownmakeupartist;sashabrownmakeupartist;0;unknown;OtherBrand
sashashantelvip;sashashantelvip;0;unknown;OtherBrand
scentofblanc;scentofblanc;0;unknown;OtherBrand
scienceandskincare;scienceandskincare;0;unknown;OtherBrand
scotstyleeditor;scotstyleeditor;0;unknown;OtherBrand
scottmcglynnofficial;scottmcglynnofficial;0;unknown;OtherBrand
seen_group;seen_group;0;unknown;OtherBrand
senseihani;senseihani;0;unknown;OtherBrand
serenity.beautysalon;serenity.beautysalon;0;unknown;OtherBrand
sheisyouuk;sheisyouuk;0;unknown;OtherBrand
shoe_queenie_;shoe_queenie_;0;unknown;OtherBrand
skincare_views;skincare_views;0;unknown;OtherBrand
skinceuticals_uki;skinceuticals_uki;0;unknown;OtherBrand
slimming_makeup_fitness;slimming_makeup_fitness;0;unknown;OtherBrand
so.wd;so.wd;0;unknown;OtherBrand
sobanbury;sobanbury;0;unknown;OtherBrand
sofiajerup;sofiajerup;0;unknown;OtherBrand
sofiesays_;sofiesays_;0;unknown;OtherBrand
sophie.anderton;sophie.anderton;0;unknown;OtherBrand
sophiestanbury;sophiestanbury;0;unknown;OtherBrand
sprinklesofstyleofficial;sprinklesofstyleofficial;0;unknown;OtherBrand
sprklingdiamond;sprklingdiamond;0;unknown;OtherBrand
sr.hair.makeup;sr.hair.makeup;0;unknown;OtherBrand
staciejunebug;staciejunebug;0;unknown;OtherBrand
steelmagnoliauk;steelmagnoliauk;0;unknown;OtherBrand
steph_dontbuyherflowers;steph_dontbuyherflowers;0;unknown;OtherBrand
streetsugar;streetsugar;0;unknown;OtherBrand
studio_seventyfour;studio_seventyfour;0;unknown;OtherBrand
studsanddreams;studsanddreams;0;unknown;OtherBrand
styleiconnat;styleiconnat;0;unknown;OtherBrand
styleslicker;styleslicker;0;unknown;OtherBrand
sudarshana;sudarshana;0;unknown;JnJBrand
sunshinesprkle;sunshinesprkle;0;unknown;JnJBrand
swann.matis;swann.matis;0;unknown;JnJBrand
sweet_peachesss;sweet_peachesss;0;unknown;JnJBrand
sweettreatsalon;sweettreatsalon;0;unknown;OtherBrand
swisscareclinic;swisscareclinic;0;unknown;JnJBrand
sylviekasha;sylviekasha;0;unknown;OtherBrand
tabbylstyles;tabbylstyles;0;unknown;OtherBrand
takenbyfrancis;takenbyfrancis;0;unknown;OtherBrand
talkpr;talkpr;0;unknown;JnJBrand
tangles_hair_essex;tangles_hair_essex;0;unknown;OtherBrand
tashiskervin;tashiskervin;0;unknown;JnJBrand
tea_milky_no_sugar;tea_milky_no_sugar;0;unknown;JnJBrand
tegmaiden_hairandbeauty;tegmaiden_hairandbeauty;0;unknown;OtherBrand
teralatilan;teralatilan;0;unknown;OtherBrand
tessafitchbeauty;tessafitchbeauty;0;unknown;OtherBrand
that_mummy_smile;that_mummy_smile;0;unknown;OtherBrand
the.simone;the.simone;0;unknown;OtherBrand
the3amigosandmum;the3amigosandmum;0;unknown;OtherBrand
the4ofus_uk;the4ofus_uk;0;unknown;OtherBrand
the_beauty_loft_;the_beauty_loft_;0;unknown;OtherBrand
the_blonde_editor;the_blonde_editor;0;unknown;OtherBrand
the_lid_thrower;the_lid_thrower;0;unknown;OtherBrand
the_not_so_slummy_mummy_edit;the_not_so_slummy_mummy_edit;0;unknown;OtherBrand
the_odyssey_spa;the_odyssey_spa;0;unknown;OtherBrand
the_xanadu_outlook;the_xanadu_outlook;0;unknown;OtherBrand
theapresgal;theapresgal;0;unknown;OtherBrand
thebarnsomerset;thebarnsomerset;0;unknown;OtherBrand
thebeauty_forum;thebeauty_forum;0;unknown;OtherBrand
thebeautyshell;thebeautyshell;0;unknown;OtherBrand
theblondeethos;theblondeethos;0;unknown;OtherBrand
thebridesgotstyle;thebridesgotstyle;0;unknown;OtherBrand
thechicgeekcouk;thechicgeekcouk;0;unknown;OtherBrand
thedollybirdni;thedollybirdni;0;unknown;OtherBrand
thefrontroom11;thefrontroom11;0;unknown;OtherBrand
thehideoutcoventry;thehideoutcoventry;0;unknown;OtherBrand
theminimalistdoula;theminimalistdoula;0;unknown;OtherBrand
thepaleopeach;thepaleopeach;0;unknown;OtherBrand
theplasticboy;theplasticboy;0;unknown;OtherBrand
thesalon_cornwall;thesalon_cornwall;0;unknown;OtherBrand
theskincareclinicwitney;theskincareclinicwitney;0;unknown;OtherBrand
thesouthamptongirl;thesouthamptongirl;0;unknown;OtherBrand
thesunflowerroom;thesunflowerroom;0;unknown;OtherBrand
thetherapycentre;thetherapycentre;0;unknown;OtherBrand
theyesmummum;theyesmummum;0;unknown;OtherBrand
thirdspace_spa;thirdspace_spa;0;unknown;OtherBrand
thisiseverythingblog;thisiseverythingblog;0;unknown;OtherBrand
thisispowder;thisispowder;0;unknown;OtherBrand
tijanserena;tijanserena;0;unknown;OtherBrand
tinas_choice;tinas_choice;0;unknown;JnJBrand
totalbodycareuk;totalbodycareuk;0;unknown;OtherBrand
tracy_ramsden;tracy_ramsden;0;unknown;JnJBrand
tranquilitybrwc;tranquilitybrwc;0;unknown;OtherBrand
true_beauty_academy_;true_beauty_academy_;0;unknown;OtherBrand
tylerdodsonxx;tylerdodsonxx;0;unknown;OtherBrand
ulianagout;ulianagout;0;unknown;Professional
uma_aesthetics;uma_aesthetics;0;unknown;JnJBrand
urbancalmuk;urbancalmuk;0;unknown;OtherBrand
vanessa_aesthetic;vanessa_aesthetic;0;unknown;OtherBrand
vaselineuk;vaselineuk;0;unknown;OtherBrand
vichyuki;vichyuki;0;unknown;OtherBrand
victoriawootonhome;victoriawootonhome;0;unknown;OtherBrand
vilmas.wellness;vilmas.wellness;0;unknown;Professional
visoorevents;visoorevents;0;unknown;OtherBrand
waceystyle;waceystyle;0;unknown;OtherBrand
wendylewisco;wendylewisco;0;unknown;JnJBrand
wendyohare;wendyohare;0;unknown;OtherBrand
whatlizzyloves;whatlizzyloves;0;unknown;OtherBrand
wheresmollie;wheresmollie;0;unknown;OtherBrand
winslowskincare;winslowskincare;0;unknown;OtherBrand
withlovehayley;withlovehayley;0;unknown;OtherBrand
wizzoandcolookbook;wizzoandcolookbook;0;unknown;OtherBrand
wohskincare;wohskincare;0;unknown;OtherBrand
wonderingenglishrose;wonderingenglishrose;0;unknown;OtherBrand
xfloozex;xfloozex;0;unknown;OtherBrand
xjustagirl90x;xjustagirl90x;0;unknown;OtherBrand
xm96ax;xm96ax;0;unknown;OtherBrand
xxleannexx87;xxleannexx87;0;unknown;OtherBrand
yas_reviews;yas_reviews;0;unknown;OtherBrand
yinleemakeup;yinleemakeup;0;unknown;OtherBrand
youngeccentric;youngeccentric;0;unknown;JnJBrand
your_bandit;your_bandit;0;unknown;OtherBrand
yourbeautysecret1;yourbeautysecret1;0;unknown;OtherBrand
yuu_beauty;yuu_beauty;0;unknown;OtherBrand
zalala_makeup;zalala_makeup;0;unknown;OtherBrand
zarahealthandbeauty;zarahealthandbeauty;0;unknown;OtherBrand
zebiotante;zebiotante;0;unknown;OtherBrand
zenhealthcare;zenhealthcare;0;unknown;OtherBrand
zenlifestyle1;zenlifestyle1;0;unknown;OtherBrand
zimmazimmathreecoursewinner;zimmazimmathreecoursewinner;0;unknown;OtherBrand
